region,date,type,median,lower_90,upper_90,lower_50,upper_50,prob_control
East Midlands,2020-03-03,nowcast,1.7,1.2,2.3,1.5,1.9,0.01
East Midlands,2020-03-04,nowcast,1.7,1.3,2.3,1.5,1.9,0
East Midlands,2020-03-05,nowcast,1.7,1.3,2.2,1.5,1.9,0
East Midlands,2020-03-06,nowcast,1.7,1.3,2.2,1.5,1.8,0
East Midlands,2020-03-07,nowcast,1.7,1.3,2.1,1.5,1.8,0
East Midlands,2020-03-08,nowcast,1.6,1.3,2,1.5,1.8,0
East Midlands,2020-03-09,nowcast,1.6,1.3,2,1.5,1.7,0
East Midlands,2020-03-10,nowcast,1.6,1.3,1.9,1.5,1.7,0
East Midlands,2020-03-11,nowcast,1.6,1.3,1.9,1.5,1.7,0
East Midlands,2020-03-12,nowcast,1.6,1.3,1.9,1.4,1.7,0
East Midlands,2020-03-13,nowcast,1.6,1.3,1.9,1.4,1.6,0
East Midlands,2020-03-14,nowcast,1.5,1.3,1.8,1.4,1.6,0
East Midlands,2020-03-15,nowcast,1.5,1.2,1.8,1.4,1.6,0
East Midlands,2020-03-16,nowcast,1.5,1.2,1.7,1.4,1.6,0
East Midlands,2020-03-17,nowcast,1.4,1.2,1.7,1.3,1.5,0
East Midlands,2020-03-18,nowcast,1.4,1.2,1.7,1.3,1.5,0
East Midlands,2020-03-19,nowcast,1.4,1.2,1.6,1.3,1.5,0
East Midlands,2020-03-20,nowcast,1.4,1.2,1.6,1.3,1.4,0
East Midlands,2020-03-21,nowcast,1.3,1.1,1.5,1.2,1.4,0
East Midlands,2020-03-22,nowcast,1.3,1.1,1.5,1.2,1.4,0
East Midlands,2020-03-23,nowcast,1.3,1.1,1.4,1.2,1.3,0
East Midlands,2020-03-24,nowcast,1.2,1.1,1.4,1.2,1.3,0.01
East Midlands,2020-03-25,nowcast,1.2,1.1,1.4,1.1,1.3,0.01
East Midlands,2020-03-26,nowcast,1.2,1,1.3,1.1,1.2,0.02
East Midlands,2020-03-27,nowcast,1.2,1,1.3,1.1,1.2,0.03
East Midlands,2020-03-28,nowcast,1.1,1,1.2,1.1,1.2,0.07
East Midlands,2020-03-29,nowcast,1.1,1,1.2,1,1.1,0.13
East Midlands,2020-03-30,nowcast,1.1,0.9,1.2,1,1.1,0.25
East Midlands,2020-03-31,nowcast,1,0.9,1.1,1,1.1,0.34
East Midlands,2020-04-01,nowcast,1,0.9,1.1,1,1.1,0.38
East Midlands,2020-04-02,nowcast,1,0.9,1.1,1,1,0.4
East Midlands,2020-04-03,nowcast,1,0.9,1.1,1,1,0.41
East Midlands,2020-04-04,nowcast,1,0.9,1.1,1,1,0.38
East Midlands,2020-04-05,nowcast,1,0.9,1.1,1,1,0.33
East Midlands,2020-04-06,nowcast,1,0.9,1.1,1,1.1,0.29
East Midlands,2020-04-07,nowcast,1,1,1.1,1,1.1,0.23
East Midlands,2020-04-08,nowcast,1,1,1.1,1,1.1,0.18
East Midlands,2020-04-09,nowcast,1.1,1,1.2,1,1.1,0.15
East Midlands,2020-04-10,nowcast,1.1,1,1.1,1,1.1,0.1
East Midlands,2020-04-11,nowcast,1.1,1,1.2,1,1.1,0.07
East Midlands,2020-04-12,nowcast,1.1,1,1.2,1,1.1,0.07
East Midlands,2020-04-13,nowcast,1.1,1,1.2,1,1.1,0.07
East Midlands,2020-04-14,nowcast,1.1,1,1.2,1,1.1,0.06
East Midlands,2020-04-15,nowcast,1.1,1,1.2,1,1.1,0.08
East Midlands,2020-04-16,nowcast,1.1,1,1.2,1,1.1,0.08
East Midlands,2020-04-17,nowcast,1.1,1,1.2,1,1.1,0.09
East Midlands,2020-04-18,nowcast,1.1,1,1.1,1,1.1,0.1
East Midlands,2020-04-19,nowcast,1.1,1,1.1,1,1.1,0.1
East Midlands,2020-04-20,nowcast,1.1,1,1.1,1,1.1,0.12
East Midlands,2020-04-21,nowcast,1,1,1.1,1,1.1,0.19
East Midlands,2020-04-22,nowcast,1,0.9,1.1,1,1.1,0.26
East Midlands,2020-04-23,nowcast,1,0.9,1.1,1,1.1,0.31
East Midlands,2020-04-24,nowcast,1,0.9,1.1,1,1,0.4
East Midlands,2020-04-25,nowcast,1,0.9,1.1,1,1,0.49
East Midlands,2020-04-26,nowcast,1,0.9,1.1,1,1,0.6
East Midlands,2020-04-27,nowcast,1,0.9,1.1,1,1,0.67
East Midlands,2020-04-28,nowcast,1,0.9,1,0.9,1,0.74
East Midlands,2020-04-29,nowcast,1,0.9,1,0.9,1,0.74
East Midlands,2020-04-30,nowcast,1,0.9,1.1,0.9,1,0.71
East Midlands,2020-05-01,nowcast,1,0.9,1.1,0.9,1,0.64
East Midlands,2020-05-02,nowcast,1,0.9,1.1,0.9,1,0.61
East Midlands,2020-05-03,nowcast,1,0.9,1.1,1,1,0.59
East Midlands,2020-05-04,nowcast,1,0.9,1.1,1,1,0.61
East Midlands,2020-05-05,nowcast,1,0.9,1.1,1,1,0.64
East Midlands,2020-05-06,nowcast,1,0.9,1.1,1,1,0.65
East Midlands,2020-05-07,nowcast,1,0.9,1.1,1,1,0.67
East Midlands,2020-05-08,nowcast,1,0.9,1.1,1,1,0.68
East Midlands,2020-05-09,nowcast,1,0.9,1.1,0.9,1,0.72
East Midlands,2020-05-10,nowcast,1,0.9,1,0.9,1,0.79
East Midlands,2020-05-11,nowcast,1,0.9,1,0.9,1,0.85
East Midlands,2020-05-12,nowcast,0.9,0.9,1,0.9,1,0.87
East Midlands,2020-05-13,nowcast,0.9,0.9,1,0.9,1,0.91
East Midlands,2020-05-14,nowcast,0.9,0.8,1,0.9,1,0.92
East Midlands,2020-05-15,nowcast,0.9,0.8,1,0.9,1,0.95
East Midlands,2020-05-16,nowcast,0.9,0.8,1,0.9,0.9,0.97
East Midlands,2020-05-17,nowcast,0.9,0.8,1,0.9,0.9,0.97
East Midlands,2020-05-18,nowcast,0.9,0.8,1,0.9,0.9,0.98
East Midlands,2020-05-19,nowcast,0.9,0.8,1,0.9,0.9,0.99
East Midlands,2020-05-20,nowcast,0.9,0.8,1,0.8,0.9,0.99
East Midlands,2020-05-21,nowcast,0.9,0.8,1,0.8,0.9,0.98
East Midlands,2020-05-22,nowcast,0.9,0.8,1,0.8,0.9,0.96
East Midlands,2020-05-23,nowcast,0.9,0.8,1,0.9,0.9,0.92
East Midlands,2020-05-24,nowcast,0.9,0.8,1,0.9,0.9,0.9
East Midlands,2020-05-25,nowcast,0.9,0.8,1,0.9,1,0.87
East Midlands,2020-05-26,nowcast,0.9,0.8,1,0.9,1,0.85
East Midlands,2020-05-27,nowcast,0.9,0.9,1,0.9,1,0.82
East Midlands,2020-05-28,nowcast,0.9,0.9,1.1,0.9,1,0.81
East Midlands,2020-05-29,nowcast,1,0.9,1.1,0.9,1,0.81
East Midlands,2020-05-30,nowcast,1,0.9,1.1,0.9,1,0.8
East Midlands,2020-05-31,nowcast,0.9,0.9,1.1,0.9,1,0.82
East Midlands,2020-06-01,nowcast,1,0.9,1,0.9,1,0.8
East Midlands,2020-06-02,nowcast,1,0.9,1.1,0.9,1,0.78
East Midlands,2020-06-03,nowcast,1,0.9,1.1,0.9,1,0.73
East Midlands,2020-06-04,nowcast,1,0.9,1.1,0.9,1,0.66
East Midlands,2020-06-05,nowcast,1,0.9,1.1,0.9,1,0.59
East Midlands,2020-06-06,nowcast,1,0.9,1.1,0.9,1,0.58
East Midlands,2020-06-07,nowcast,1,0.9,1.1,0.9,1,0.58
East Midlands,2020-06-08,nowcast,1,0.9,1.1,1,1,0.59
East Midlands,2020-06-09,nowcast,1,0.9,1.1,1,1,0.63
East Midlands,2020-06-10,nowcast,1,0.9,1.1,0.9,1,0.64
East Midlands,2020-06-11,nowcast,1,0.9,1.1,0.9,1,0.67
East Midlands,2020-06-12,nowcast,1,0.9,1.1,0.9,1,0.69
East Midlands,2020-06-13,nowcast,1,0.9,1.1,0.9,1,0.74
East Midlands,2020-06-14,nowcast,1,0.9,1.1,0.9,1,0.79
East Midlands,2020-06-15,nowcast,0.9,0.8,1,0.9,1,0.84
East Midlands,2020-06-16,nowcast,0.9,0.8,1,0.9,1,0.88
East Midlands,2020-06-17,nowcast,0.9,0.8,1,0.9,1,0.91
East Midlands,2020-06-18,nowcast,0.9,0.8,1,0.9,1,0.94
East Midlands,2020-06-19,nowcast,0.9,0.8,1,0.9,0.9,0.97
East Midlands,2020-06-20,nowcast,0.9,0.8,1,0.8,0.9,0.98
East Midlands,2020-06-21,nowcast,0.9,0.7,1,0.8,0.9,0.99
East Midlands,2020-06-22,nowcast,0.8,0.7,0.9,0.8,0.9,0.99
East Midlands,2020-06-23,nowcast,0.8,0.7,0.9,0.8,0.9,0.99
East Midlands,2020-06-24,nowcast,0.8,0.7,0.9,0.8,0.9,0.99
East Midlands,2020-06-25,nowcast,0.8,0.7,0.9,0.8,0.9,0.99
East Midlands,2020-06-26,forecast,0.8,0.7,1,0.8,0.9,0.98
East Midlands,2020-06-27,forecast,0.8,0.7,1,0.8,0.9,0.98
East Midlands,2020-06-28,forecast,0.8,0.6,1,0.7,0.9,0.96
East Midlands,2020-06-29,forecast,0.8,0.6,1,0.7,0.9,0.95
East Midlands,2020-06-30,forecast,0.8,0.6,1,0.7,0.9,0.95
East Midlands,2020-07-01,forecast,0.8,0.6,1,0.7,0.9,0.94
East Midlands,2020-07-02,forecast,0.8,0.6,1,0.7,0.9,0.93
East Midlands,2020-07-03,forecast,0.8,0.6,1,0.7,0.9,0.92
East Midlands,2020-07-04,forecast,0.8,0.5,1,0.7,0.9,0.92
East Midlands,2020-07-05,forecast,0.8,0.5,1.1,0.7,0.9,0.91
East Midlands,2020-07-06,forecast,0.8,0.5,1,0.7,0.9,0.9
East Midlands,2020-07-07,forecast,0.8,0.5,1,0.7,0.9,0.9
East Midlands,2020-07-08,forecast,0.8,0.5,1.1,0.7,0.9,0.9
East Midlands,2020-07-09,forecast,0.8,0.5,1.1,0.7,0.9,0.89
East of England,2020-03-03,nowcast,1.8,1.3,2.4,1.6,2,0.01
East of England,2020-03-04,nowcast,1.8,1.3,2.3,1.5,1.9,0
East of England,2020-03-05,nowcast,1.8,1.3,2.3,1.5,1.9,0
East of England,2020-03-06,nowcast,1.8,1.3,2.2,1.5,1.9,0
East of England,2020-03-07,nowcast,1.7,1.3,2.2,1.5,1.9,0
East of England,2020-03-08,nowcast,1.7,1.4,2.1,1.5,1.8,0
East of England,2020-03-09,nowcast,1.7,1.4,2.1,1.5,1.8,0
East of England,2020-03-10,nowcast,1.7,1.3,2,1.5,1.8,0
East of England,2020-03-11,nowcast,1.6,1.3,2,1.5,1.7,0
East of England,2020-03-12,nowcast,1.6,1.3,1.9,1.5,1.7,0
East of England,2020-03-13,nowcast,1.6,1.3,1.9,1.5,1.7,0
East of England,2020-03-14,nowcast,1.6,1.3,1.9,1.4,1.7,0
East of England,2020-03-15,nowcast,1.6,1.3,1.8,1.4,1.6,0
East of England,2020-03-16,nowcast,1.5,1.3,1.8,1.4,1.6,0
East of England,2020-03-17,nowcast,1.5,1.3,1.7,1.4,1.6,0
East of England,2020-03-18,nowcast,1.5,1.2,1.7,1.4,1.6,0
East of England,2020-03-19,nowcast,1.4,1.2,1.7,1.3,1.5,0
East of England,2020-03-20,nowcast,1.4,1.2,1.6,1.3,1.5,0
East of England,2020-03-21,nowcast,1.4,1.2,1.5,1.3,1.4,0
East of England,2020-03-22,nowcast,1.3,1.1,1.5,1.2,1.4,0
East of England,2020-03-23,nowcast,1.3,1.1,1.4,1.2,1.3,0
East of England,2020-03-24,nowcast,1.3,1.1,1.4,1.2,1.3,0
East of England,2020-03-25,nowcast,1.2,1.1,1.4,1.2,1.3,0
East of England,2020-03-26,nowcast,1.2,1.1,1.3,1.1,1.2,0
East of England,2020-03-27,nowcast,1.2,1.1,1.3,1.1,1.2,0.01
East of England,2020-03-28,nowcast,1.2,1,1.3,1.1,1.2,0.01
East of England,2020-03-29,nowcast,1.1,1,1.2,1.1,1.2,0.03
East of England,2020-03-30,nowcast,1.1,1,1.2,1.1,1.1,0.06
East of England,2020-03-31,nowcast,1.1,1,1.2,1,1.1,0.1
East of England,2020-04-01,nowcast,1.1,1,1.1,1,1.1,0.16
East of England,2020-04-02,nowcast,1,1,1.1,1,1.1,0.19
East of England,2020-04-03,nowcast,1,0.9,1.1,1,1.1,0.24
East of England,2020-04-04,nowcast,1,0.9,1.1,1,1.1,0.31
East of England,2020-04-05,nowcast,1,0.9,1.1,1,1,0.36
East of England,2020-04-06,nowcast,1,0.9,1.1,1,1,0.42
East of England,2020-04-07,nowcast,1,0.9,1.1,1,1,0.41
East of England,2020-04-08,nowcast,1,0.9,1.1,1,1,0.35
East of England,2020-04-09,nowcast,1,1,1.1,1,1.1,0.25
East of England,2020-04-10,nowcast,1,1,1.1,1,1.1,0.15
East of England,2020-04-11,nowcast,1.1,1,1.1,1,1.1,0.07
East of England,2020-04-12,nowcast,1.1,1,1.2,1,1.1,0.04
East of England,2020-04-13,nowcast,1.1,1,1.2,1,1.1,0.02
East of England,2020-04-14,nowcast,1.1,1,1.2,1.1,1.1,0.03
East of England,2020-04-15,nowcast,1.1,1,1.2,1.1,1.1,0.02
East of England,2020-04-16,nowcast,1.1,1,1.2,1.1,1.1,0.03
East of England,2020-04-17,nowcast,1.1,1,1.2,1,1.1,0.04
East of England,2020-04-18,nowcast,1.1,1,1.1,1,1.1,0.09
East of England,2020-04-19,nowcast,1.1,1,1.1,1,1.1,0.13
East of England,2020-04-20,nowcast,1,1,1.1,1,1.1,0.25
East of England,2020-04-21,nowcast,1,0.9,1.1,1,1,0.41
East of England,2020-04-22,nowcast,1,0.9,1.1,1,1,0.55
East of England,2020-04-23,nowcast,1,0.9,1.1,1,1,0.69
East of England,2020-04-24,nowcast,1,0.9,1,0.9,1,0.81
East of England,2020-04-25,nowcast,0.9,0.9,1,0.9,1,0.91
East of England,2020-04-26,nowcast,0.9,0.9,1,0.9,1,0.97
East of England,2020-04-27,nowcast,0.9,0.8,1,0.9,0.9,0.99
East of England,2020-04-28,nowcast,0.9,0.8,1,0.9,0.9,1
East of England,2020-04-29,nowcast,0.9,0.8,1,0.9,0.9,1
East of England,2020-04-30,nowcast,0.9,0.8,0.9,0.9,0.9,1
East of England,2020-05-01,nowcast,0.9,0.8,0.9,0.9,0.9,1
East of England,2020-05-02,nowcast,0.9,0.8,0.9,0.8,0.9,0.99
East of England,2020-05-03,nowcast,0.9,0.8,0.9,0.8,0.9,0.99
East of England,2020-05-04,nowcast,0.9,0.8,0.9,0.8,0.9,1
East of England,2020-05-05,nowcast,0.9,0.8,0.9,0.8,0.9,1
East of England,2020-05-06,nowcast,0.9,0.8,0.9,0.8,0.9,0.99
East of England,2020-05-07,nowcast,0.9,0.8,0.9,0.8,0.9,0.99
East of England,2020-05-08,nowcast,0.9,0.8,1,0.8,0.9,0.99
East of England,2020-05-09,nowcast,0.9,0.8,0.9,0.8,0.9,0.99
East of England,2020-05-10,nowcast,0.9,0.8,0.9,0.8,0.9,0.99
East of England,2020-05-11,nowcast,0.9,0.8,0.9,0.8,0.9,1
East of England,2020-05-12,nowcast,0.9,0.8,0.9,0.8,0.9,0.99
East of England,2020-05-13,nowcast,0.9,0.8,0.9,0.8,0.9,0.99
East of England,2020-05-14,nowcast,0.9,0.8,0.9,0.8,0.9,0.99
East of England,2020-05-15,nowcast,0.9,0.8,0.9,0.8,0.9,0.99
East of England,2020-05-16,nowcast,0.8,0.8,0.9,0.8,0.9,0.99
East of England,2020-05-17,nowcast,0.8,0.8,0.9,0.8,0.9,1
East of England,2020-05-18,nowcast,0.8,0.7,0.9,0.8,0.9,1
East of England,2020-05-19,nowcast,0.8,0.7,0.9,0.8,0.9,1
East of England,2020-05-20,nowcast,0.8,0.7,0.9,0.8,0.8,1
East of England,2020-05-21,nowcast,0.8,0.7,0.9,0.8,0.8,1
East of England,2020-05-22,nowcast,0.8,0.7,0.9,0.8,0.8,0.99
East of England,2020-05-23,nowcast,0.8,0.7,0.9,0.8,0.8,0.99
East of England,2020-05-24,nowcast,0.8,0.7,0.9,0.8,0.8,0.98
East of England,2020-05-25,nowcast,0.8,0.7,0.9,0.8,0.9,0.98
East of England,2020-05-26,nowcast,0.8,0.7,0.9,0.8,0.9,0.98
East of England,2020-05-27,nowcast,0.8,0.7,1,0.8,0.9,0.97
East of England,2020-05-28,nowcast,0.9,0.7,1,0.8,0.9,0.95
East of England,2020-05-29,nowcast,0.9,0.8,1,0.8,0.9,0.93
East of England,2020-05-30,nowcast,0.9,0.8,1,0.8,0.9,0.92
East of England,2020-05-31,nowcast,0.9,0.8,1,0.8,0.9,0.91
East of England,2020-06-01,nowcast,0.9,0.8,1,0.8,0.9,0.9
East of England,2020-06-02,nowcast,0.9,0.8,1,0.9,1,0.87
East of England,2020-06-03,nowcast,0.9,0.8,1.1,0.9,1,0.85
East of England,2020-06-04,nowcast,0.9,0.8,1.1,0.9,1,0.83
East of England,2020-06-05,nowcast,0.9,0.8,1.1,0.9,1,0.82
East of England,2020-06-06,nowcast,0.9,0.8,1.1,0.9,1,0.83
East of England,2020-06-07,nowcast,0.9,0.8,1.1,0.9,1,0.85
East of England,2020-06-08,nowcast,0.9,0.8,1,0.9,1,0.88
East of England,2020-06-09,nowcast,0.9,0.8,1,0.9,1,0.91
East of England,2020-06-10,nowcast,0.9,0.8,1,0.8,0.9,0.93
East of England,2020-06-11,nowcast,0.9,0.7,1,0.8,0.9,0.94
East of England,2020-06-12,nowcast,0.9,0.7,1,0.8,0.9,0.96
East of England,2020-06-13,nowcast,0.8,0.7,1,0.8,0.9,0.97
East of England,2020-06-14,nowcast,0.8,0.7,1,0.8,0.9,0.98
East of England,2020-06-15,nowcast,0.8,0.6,0.9,0.8,0.9,0.99
East of England,2020-06-16,nowcast,0.8,0.6,0.9,0.7,0.9,0.99
East of England,2020-06-17,nowcast,0.8,0.6,0.9,0.7,0.8,0.99
East of England,2020-06-18,nowcast,0.8,0.6,0.9,0.7,0.8,0.99
East of England,2020-06-19,nowcast,0.8,0.6,0.9,0.7,0.8,0.98
East of England,2020-06-20,nowcast,0.8,0.6,0.9,0.7,0.8,0.98
East of England,2020-06-21,nowcast,0.7,0.6,0.9,0.7,0.8,0.98
East of England,2020-06-22,nowcast,0.7,0.6,0.9,0.7,0.8,0.99
East of England,2020-06-23,nowcast,0.7,0.6,0.9,0.7,0.8,0.99
East of England,2020-06-24,nowcast,0.7,0.5,0.9,0.7,0.8,0.98
East of England,2020-06-25,nowcast,0.7,0.5,0.9,0.6,0.8,0.97
London,2020-02-28,nowcast,1.9,1.5,2.3,1.6,2,0
London,2020-02-29,nowcast,1.9,1.5,2.3,1.7,2,0
London,2020-03-01,nowcast,1.8,1.5,2.2,1.6,1.9,0
London,2020-03-02,nowcast,1.8,1.5,2.2,1.6,1.9,0
London,2020-03-03,nowcast,1.8,1.4,2.1,1.6,1.9,0
London,2020-03-04,nowcast,1.7,1.4,2.1,1.6,1.9,0
London,2020-03-05,nowcast,1.7,1.4,2,1.6,1.8,0
London,2020-03-06,nowcast,1.7,1.4,2,1.6,1.8,0
London,2020-03-07,nowcast,1.6,1.4,1.9,1.5,1.7,0
London,2020-03-08,nowcast,1.6,1.4,1.8,1.5,1.7,0
London,2020-03-09,nowcast,1.5,1.3,1.8,1.5,1.7,0
London,2020-03-10,nowcast,1.5,1.3,1.7,1.4,1.6,0
London,2020-03-11,nowcast,1.5,1.3,1.7,1.4,1.5,0
London,2020-03-12,nowcast,1.5,1.3,1.6,1.4,1.5,0
London,2020-03-13,nowcast,1.4,1.3,1.6,1.4,1.5,0
London,2020-03-14,nowcast,1.4,1.2,1.6,1.3,1.5,0
London,2020-03-15,nowcast,1.4,1.2,1.5,1.3,1.4,0
London,2020-03-16,nowcast,1.4,1.2,1.5,1.3,1.4,0
London,2020-03-17,nowcast,1.3,1.2,1.5,1.3,1.4,0
London,2020-03-18,nowcast,1.3,1.2,1.4,1.2,1.4,0
London,2020-03-19,nowcast,1.3,1.1,1.4,1.2,1.3,0
London,2020-03-20,nowcast,1.2,1.1,1.4,1.2,1.3,0
London,2020-03-21,nowcast,1.2,1.1,1.3,1.2,1.3,0
London,2020-03-22,nowcast,1.2,1.1,1.3,1.1,1.2,0
London,2020-03-23,nowcast,1.1,1.1,1.2,1.1,1.2,0
London,2020-03-24,nowcast,1.1,1,1.2,1.1,1.2,0.01
London,2020-03-25,nowcast,1.1,1,1.2,1.1,1.1,0.02
London,2020-03-26,nowcast,1.1,1,1.2,1.1,1.1,0.05
London,2020-03-27,nowcast,1.1,1,1.1,1,1.1,0.1
London,2020-03-28,nowcast,1,1,1.1,1,1.1,0.2
London,2020-03-29,nowcast,1,0.9,1.1,1,1,0.43
London,2020-03-30,nowcast,1,0.9,1,1,1,0.71
London,2020-03-31,nowcast,0.9,0.9,1,0.9,1,0.91
London,2020-04-01,nowcast,0.9,0.9,1,0.9,0.9,0.98
London,2020-04-02,nowcast,0.9,0.8,1,0.9,0.9,1
London,2020-04-03,nowcast,0.9,0.8,1,0.9,0.9,1
London,2020-04-04,nowcast,0.9,0.8,0.9,0.9,0.9,1
London,2020-04-05,nowcast,0.9,0.8,0.9,0.8,0.9,1
London,2020-04-06,nowcast,0.9,0.8,0.9,0.8,0.9,1
London,2020-04-07,nowcast,0.8,0.8,0.9,0.8,0.9,1
London,2020-04-08,nowcast,0.8,0.8,0.9,0.8,0.9,1
London,2020-04-09,nowcast,0.8,0.8,0.9,0.8,0.9,1
London,2020-04-10,nowcast,0.9,0.8,0.9,0.8,0.9,1
London,2020-04-11,nowcast,0.9,0.8,0.9,0.8,0.9,1
London,2020-04-12,nowcast,0.9,0.8,0.9,0.8,0.9,1
London,2020-04-13,nowcast,0.9,0.8,0.9,0.8,0.9,1
London,2020-04-14,nowcast,0.8,0.8,0.9,0.8,0.9,1
London,2020-04-15,nowcast,0.8,0.8,0.9,0.8,0.9,1
London,2020-04-16,nowcast,0.9,0.8,0.9,0.8,0.9,1
London,2020-04-17,nowcast,0.9,0.8,0.9,0.8,0.9,1
London,2020-04-18,nowcast,0.9,0.8,0.9,0.8,0.9,1
London,2020-04-19,nowcast,0.9,0.8,0.9,0.8,0.9,1
London,2020-04-20,nowcast,0.9,0.8,0.9,0.8,0.9,1
London,2020-04-21,nowcast,0.9,0.8,0.9,0.8,0.9,1
London,2020-04-22,nowcast,0.9,0.8,0.9,0.8,0.9,1
London,2020-04-23,nowcast,0.9,0.8,0.9,0.8,0.9,1
London,2020-04-24,nowcast,0.8,0.8,0.9,0.8,0.9,1
London,2020-04-25,nowcast,0.8,0.8,0.9,0.8,0.9,1
London,2020-04-26,nowcast,0.8,0.7,0.9,0.8,0.9,1
London,2020-04-27,nowcast,0.8,0.7,0.9,0.8,0.9,1
London,2020-04-28,nowcast,0.8,0.7,0.9,0.8,0.8,1
London,2020-04-29,nowcast,0.8,0.7,0.9,0.8,0.8,1
London,2020-04-30,nowcast,0.8,0.7,0.9,0.8,0.8,1
London,2020-05-01,nowcast,0.8,0.7,0.9,0.8,0.8,1
London,2020-05-02,nowcast,0.8,0.7,0.9,0.7,0.8,1
London,2020-05-03,nowcast,0.8,0.7,0.9,0.7,0.8,1
London,2020-05-04,nowcast,0.8,0.7,0.9,0.7,0.8,1
London,2020-05-05,nowcast,0.8,0.7,0.9,0.7,0.8,1
London,2020-05-06,nowcast,0.8,0.7,0.9,0.8,0.8,1
London,2020-05-07,nowcast,0.8,0.7,0.9,0.7,0.8,1
London,2020-05-08,nowcast,0.8,0.7,0.9,0.7,0.8,1
London,2020-05-09,nowcast,0.8,0.7,0.9,0.8,0.8,1
London,2020-05-10,nowcast,0.8,0.7,0.9,0.8,0.8,0.99
London,2020-05-11,nowcast,0.8,0.7,0.9,0.8,0.8,1
London,2020-05-12,nowcast,0.8,0.7,0.9,0.7,0.8,1
London,2020-05-13,nowcast,0.8,0.7,0.9,0.7,0.8,1
London,2020-05-14,nowcast,0.8,0.7,0.9,0.7,0.8,0.99
London,2020-05-15,nowcast,0.8,0.7,0.9,0.8,0.8,0.98
London,2020-05-16,nowcast,0.8,0.7,0.9,0.8,0.8,0.99
London,2020-05-17,nowcast,0.8,0.7,0.9,0.7,0.8,0.99
London,2020-05-18,nowcast,0.8,0.6,0.9,0.7,0.8,1
London,2020-05-19,nowcast,0.8,0.6,0.9,0.7,0.8,0.99
London,2020-05-20,nowcast,0.8,0.6,0.9,0.7,0.8,1
London,2020-05-21,nowcast,0.8,0.6,0.9,0.7,0.8,0.99
London,2020-05-22,nowcast,0.8,0.6,0.9,0.7,0.8,0.98
London,2020-05-23,nowcast,0.8,0.7,1,0.7,0.8,0.97
London,2020-05-24,nowcast,0.8,0.7,1,0.7,0.9,0.94
London,2020-05-25,nowcast,0.8,0.7,1,0.8,0.9,0.93
London,2020-05-26,nowcast,0.8,0.7,1,0.8,0.9,0.92
London,2020-05-27,nowcast,0.9,0.7,1.1,0.8,0.9,0.88
London,2020-05-28,nowcast,0.9,0.7,1.1,0.8,0.9,0.85
London,2020-05-29,nowcast,0.9,0.8,1.1,0.8,1,0.8
London,2020-05-30,nowcast,0.9,0.8,1.1,0.9,1,0.74
London,2020-05-31,nowcast,0.9,0.8,1.1,0.9,1,0.73
London,2020-06-01,nowcast,0.9,0.8,1.1,0.9,1,0.71
London,2020-06-02,nowcast,0.9,0.8,1.1,0.9,1,0.73
London,2020-06-03,nowcast,0.9,0.8,1.1,0.9,1,0.72
London,2020-06-04,nowcast,0.9,0.8,1.1,0.9,1,0.77
London,2020-06-05,nowcast,0.9,0.8,1.1,0.9,1,0.76
London,2020-06-06,nowcast,0.9,0.8,1.1,0.9,1,0.78
London,2020-06-07,nowcast,0.9,0.8,1.1,0.9,1,0.8
London,2020-06-08,nowcast,0.9,0.7,1.1,0.9,1,0.8
London,2020-06-09,nowcast,0.9,0.7,1.1,0.8,1,0.82
London,2020-06-10,nowcast,0.9,0.7,1.1,0.8,1,0.8
London,2020-06-11,nowcast,0.9,0.7,1.1,0.8,1,0.77
London,2020-06-12,nowcast,0.9,0.7,1.1,0.9,1,0.76
London,2020-06-13,nowcast,0.9,0.7,1.1,0.9,1,0.72
London,2020-06-14,nowcast,0.9,0.8,1.1,0.9,1,0.7
London,2020-06-15,nowcast,1,0.8,1.2,0.9,1,0.66
London,2020-06-16,nowcast,1,0.8,1.2,0.9,1,0.62
London,2020-06-17,nowcast,1,0.8,1.2,0.9,1.1,0.6
London,2020-06-18,nowcast,1,0.8,1.2,0.9,1.1,0.56
London,2020-06-19,nowcast,1,0.8,1.2,0.9,1.1,0.57
London,2020-06-20,nowcast,1,0.8,1.2,0.9,1,0.6
London,2020-06-21,nowcast,1,0.8,1.1,0.9,1,0.67
London,2020-06-22,nowcast,0.9,0.7,1.1,0.9,1,0.74
London,2020-06-23,nowcast,0.9,0.7,1.1,0.8,1,0.8
London,2020-06-24,nowcast,0.9,0.7,1.1,0.8,1,0.88
London,2020-06-25,nowcast,0.8,0.6,1,0.8,1,0.9
London,2020-06-26,forecast,0.9,0.6,1.1,0.8,1,0.82
London,2020-06-27,forecast,0.9,0.6,1.1,0.8,1,0.8
London,2020-06-28,forecast,0.9,0.6,1.2,0.8,1,0.77
London,2020-06-29,forecast,0.9,0.6,1.2,0.8,1,0.77
London,2020-06-30,forecast,0.9,0.6,1.2,0.8,1,0.77
London,2020-07-01,forecast,0.9,0.6,1.2,0.8,1,0.74
London,2020-07-02,forecast,0.9,0.5,1.2,0.8,1,0.74
London,2020-07-03,forecast,0.9,0.5,1.2,0.8,1,0.74
London,2020-07-04,forecast,0.9,0.5,1.2,0.8,1,0.73
London,2020-07-05,forecast,0.9,0.5,1.2,0.8,1,0.73
London,2020-07-06,forecast,0.9,0.5,1.2,0.8,1,0.71
London,2020-07-07,forecast,0.9,0.5,1.3,0.8,1,0.71
London,2020-07-08,forecast,0.9,0.5,1.3,0.7,1,0.71
London,2020-07-09,forecast,0.9,0.5,1.2,0.7,1,0.7
North East,2020-03-13,nowcast,1.8,1.4,2.2,1.6,1.9,0
North East,2020-03-14,nowcast,1.7,1.4,2.2,1.6,1.9,0
North East,2020-03-15,nowcast,1.7,1.3,2.1,1.5,1.8,0
North East,2020-03-16,nowcast,1.7,1.4,2.1,1.5,1.8,0
North East,2020-03-17,nowcast,1.7,1.3,2,1.5,1.8,0
North East,2020-03-18,nowcast,1.6,1.3,2,1.5,1.7,0
North East,2020-03-19,nowcast,1.6,1.3,1.9,1.5,1.7,0
North East,2020-03-20,nowcast,1.6,1.3,1.9,1.5,1.7,0
North East,2020-03-21,nowcast,1.6,1.3,1.8,1.4,1.6,0
North East,2020-03-22,nowcast,1.5,1.3,1.8,1.4,1.6,0
North East,2020-03-23,nowcast,1.5,1.3,1.7,1.4,1.5,0
North East,2020-03-24,nowcast,1.4,1.2,1.7,1.3,1.5,0
North East,2020-03-25,nowcast,1.4,1.2,1.6,1.3,1.5,0
North East,2020-03-26,nowcast,1.4,1.2,1.6,1.3,1.4,0
North East,2020-03-27,nowcast,1.3,1.2,1.5,1.2,1.4,0
North East,2020-03-28,nowcast,1.3,1.1,1.5,1.2,1.3,0
North East,2020-03-29,nowcast,1.2,1.1,1.4,1.2,1.3,0
North East,2020-03-30,nowcast,1.2,1.1,1.3,1.1,1.2,0.01
North East,2020-03-31,nowcast,1.2,1,1.3,1.1,1.2,0.02
North East,2020-04-01,nowcast,1.1,1,1.2,1.1,1.2,0.04
North East,2020-04-02,nowcast,1.1,1,1.2,1.1,1.2,0.09
North East,2020-04-03,nowcast,1.1,1,1.2,1,1.1,0.13
North East,2020-04-04,nowcast,1.1,1,1.2,1,1.1,0.18
North East,2020-04-05,nowcast,1,0.9,1.1,1,1.1,0.26
North East,2020-04-06,nowcast,1,0.9,1.1,1,1.1,0.34
North East,2020-04-07,nowcast,1,0.9,1.1,1,1,0.37
North East,2020-04-08,nowcast,1,0.9,1.1,1,1,0.35
North East,2020-04-09,nowcast,1,0.9,1.1,1,1,0.32
North East,2020-04-10,nowcast,1,1,1.1,1,1.1,0.26
North East,2020-04-11,nowcast,1,1,1.1,1,1.1,0.2
North East,2020-04-12,nowcast,1,1,1.1,1,1.1,0.2
North East,2020-04-13,nowcast,1,1,1.1,1,1.1,0.18
North East,2020-04-14,nowcast,1,1,1.1,1,1.1,0.22
North East,2020-04-15,nowcast,1,0.9,1.1,1,1.1,0.29
North East,2020-04-16,nowcast,1,0.9,1.1,1,1,0.41
North East,2020-04-17,nowcast,1,0.9,1.1,1,1,0.56
North East,2020-04-18,nowcast,1,0.9,1.1,1,1,0.66
North East,2020-04-19,nowcast,1,0.9,1,0.9,1,0.76
North East,2020-04-20,nowcast,1,0.9,1,0.9,1,0.84
North East,2020-04-21,nowcast,0.9,0.9,1,0.9,1,0.89
North East,2020-04-22,nowcast,0.9,0.9,1,0.9,1,0.92
North East,2020-04-23,nowcast,0.9,0.9,1,0.9,1,0.94
North East,2020-04-24,nowcast,0.9,0.9,1,0.9,1,0.93
North East,2020-04-25,nowcast,0.9,0.8,1,0.9,1,0.95
North East,2020-04-26,nowcast,0.9,0.8,1,0.9,0.9,0.97
North East,2020-04-27,nowcast,0.9,0.8,1,0.9,0.9,0.99
North East,2020-04-28,nowcast,0.9,0.8,0.9,0.8,0.9,1
North East,2020-04-29,nowcast,0.9,0.8,0.9,0.8,0.9,1
North East,2020-04-30,nowcast,0.8,0.8,0.9,0.8,0.9,1
North East,2020-05-01,nowcast,0.8,0.8,0.9,0.8,0.9,0.99
North East,2020-05-02,nowcast,0.8,0.8,0.9,0.8,0.9,1
North East,2020-05-03,nowcast,0.8,0.8,0.9,0.8,0.9,0.99
North East,2020-05-04,nowcast,0.8,0.8,0.9,0.8,0.9,0.99
North East,2020-05-05,nowcast,0.8,0.7,0.9,0.8,0.9,0.99
North East,2020-05-06,nowcast,0.8,0.8,0.9,0.8,0.9,0.99
North East,2020-05-07,nowcast,0.8,0.7,0.9,0.8,0.9,0.99
North East,2020-05-08,nowcast,0.8,0.7,0.9,0.8,0.9,0.99
North East,2020-05-09,nowcast,0.8,0.7,0.9,0.8,0.9,0.99
North East,2020-05-10,nowcast,0.8,0.7,0.9,0.8,0.9,1
North East,2020-05-11,nowcast,0.8,0.7,0.9,0.8,0.9,1
North East,2020-05-12,nowcast,0.8,0.7,0.9,0.8,0.9,0.99
North East,2020-05-13,nowcast,0.8,0.7,0.9,0.8,0.8,0.99
North East,2020-05-14,nowcast,0.8,0.7,0.9,0.8,0.9,0.99
North East,2020-05-15,nowcast,0.8,0.7,0.9,0.8,0.9,0.99
North East,2020-05-16,nowcast,0.8,0.7,0.9,0.8,0.9,0.99
North East,2020-05-17,nowcast,0.8,0.7,0.9,0.8,0.8,0.99
North East,2020-05-18,nowcast,0.8,0.7,0.9,0.8,0.8,0.99
North East,2020-05-19,nowcast,0.8,0.7,0.9,0.7,0.8,0.99
North East,2020-05-20,nowcast,0.8,0.7,0.9,0.7,0.8,0.99
North East,2020-05-21,nowcast,0.8,0.7,0.9,0.7,0.8,0.99
North East,2020-05-22,nowcast,0.8,0.7,0.9,0.7,0.8,0.99
North East,2020-05-23,nowcast,0.8,0.7,0.9,0.7,0.8,0.99
North East,2020-05-24,nowcast,0.8,0.6,0.9,0.7,0.8,0.99
North East,2020-05-25,nowcast,0.8,0.6,0.9,0.7,0.8,0.98
North East,2020-05-26,nowcast,0.8,0.6,0.9,0.7,0.8,0.98
North East,2020-05-27,nowcast,0.8,0.6,0.9,0.7,0.8,0.98
North East,2020-05-28,nowcast,0.8,0.6,0.9,0.7,0.8,0.98
North East,2020-05-29,nowcast,0.8,0.6,0.9,0.7,0.8,0.98
North East,2020-05-30,nowcast,0.8,0.6,0.9,0.7,0.8,0.97
North East,2020-05-31,nowcast,0.8,0.6,0.9,0.7,0.8,0.98
North East,2020-06-01,nowcast,0.8,0.6,0.9,0.7,0.8,0.98
North East,2020-06-02,nowcast,0.8,0.6,0.9,0.7,0.8,0.97
North East,2020-06-03,nowcast,0.8,0.6,0.9,0.7,0.8,0.97
North East,2020-06-04,nowcast,0.8,0.6,1,0.7,0.8,0.96
North East,2020-06-05,nowcast,0.8,0.6,1,0.7,0.9,0.94
North East,2020-06-06,nowcast,0.8,0.6,1,0.7,0.9,0.92
North East,2020-06-07,nowcast,0.8,0.6,1,0.7,0.9,0.92
North East,2020-06-08,nowcast,0.8,0.6,1,0.7,0.9,0.93
North East,2020-06-09,nowcast,0.8,0.6,1,0.7,0.9,0.94
North East,2020-06-10,nowcast,0.8,0.5,1,0.7,0.9,0.94
North East,2020-06-11,nowcast,0.8,0.6,1,0.7,0.9,0.95
North East,2020-06-12,nowcast,0.8,0.5,1,0.7,0.9,0.95
North East,2020-06-13,nowcast,0.8,0.5,1,0.7,0.8,0.96
North East,2020-06-14,nowcast,0.7,0.5,1,0.7,0.8,0.95
North East,2020-06-15,nowcast,0.8,0.5,1,0.6,0.8,0.94
North East,2020-06-16,nowcast,0.8,0.5,1,0.7,0.8,0.92
North East,2020-06-17,nowcast,0.8,0.5,1,0.6,0.8,0.92
North East,2020-06-18,nowcast,0.8,0.5,1,0.6,0.8,0.91
North East,2020-06-19,nowcast,0.8,0.5,1.1,0.7,0.9,0.89
North East,2020-06-20,nowcast,0.8,0.5,1.1,0.7,0.9,0.89
North East,2020-06-21,nowcast,0.8,0.5,1.1,0.6,0.9,0.9
North East,2020-06-22,nowcast,0.7,0.4,1,0.6,0.8,0.91
North East,2020-06-23,nowcast,0.7,0.4,1.1,0.6,0.9,0.91
North East,2020-06-24,nowcast,0.7,0.4,1.1,0.6,0.8,0.9
North East,2020-06-25,nowcast,0.7,0.4,1.1,0.6,0.8,0.89
North West,2020-03-01,nowcast,1.8,1.3,2.4,1.6,2,0
North West,2020-03-02,nowcast,1.8,1.3,2.3,1.5,1.9,0
North West,2020-03-03,nowcast,1.8,1.3,2.3,1.5,1.9,0
North West,2020-03-04,nowcast,1.8,1.4,2.2,1.6,1.9,0
North West,2020-03-05,nowcast,1.8,1.4,2.2,1.6,1.9,0
North West,2020-03-06,nowcast,1.8,1.4,2.2,1.6,1.9,0
North West,2020-03-07,nowcast,1.8,1.4,2.1,1.6,1.9,0
North West,2020-03-08,nowcast,1.7,1.4,2.1,1.6,1.8,0
North West,2020-03-09,nowcast,1.7,1.4,2.1,1.6,1.9,0
North West,2020-03-10,nowcast,1.7,1.4,2,1.6,1.8,0
North West,2020-03-11,nowcast,1.7,1.4,2,1.5,1.8,0
North West,2020-03-12,nowcast,1.7,1.4,2,1.5,1.8,0
North West,2020-03-13,nowcast,1.6,1.4,1.9,1.5,1.7,0
North West,2020-03-14,nowcast,1.6,1.4,1.9,1.5,1.7,0
North West,2020-03-15,nowcast,1.6,1.4,1.9,1.5,1.7,0
North West,2020-03-16,nowcast,1.6,1.4,1.8,1.5,1.7,0
North West,2020-03-17,nowcast,1.6,1.4,1.8,1.4,1.6,0
North West,2020-03-18,nowcast,1.5,1.3,1.8,1.4,1.6,0
North West,2020-03-19,nowcast,1.5,1.3,1.7,1.4,1.6,0
North West,2020-03-20,nowcast,1.5,1.3,1.7,1.4,1.6,0
North West,2020-03-21,nowcast,1.5,1.3,1.6,1.4,1.5,0
North West,2020-03-22,nowcast,1.4,1.2,1.6,1.3,1.5,0
North West,2020-03-23,nowcast,1.4,1.2,1.6,1.3,1.4,0
North West,2020-03-24,nowcast,1.4,1.2,1.5,1.3,1.4,0
North West,2020-03-25,nowcast,1.3,1.2,1.5,1.3,1.4,0
North West,2020-03-26,nowcast,1.3,1.1,1.4,1.2,1.3,0
North West,2020-03-27,nowcast,1.3,1.1,1.4,1.2,1.3,0
North West,2020-03-28,nowcast,1.2,1.1,1.3,1.2,1.3,0
North West,2020-03-29,nowcast,1.2,1.1,1.3,1.1,1.2,0
North West,2020-03-30,nowcast,1.2,1.1,1.3,1.1,1.2,0
North West,2020-03-31,nowcast,1.1,1,1.2,1.1,1.2,0.01
North West,2020-04-01,nowcast,1.1,1,1.2,1.1,1.1,0.03
North West,2020-04-02,nowcast,1.1,1,1.2,1,1.1,0.08
North West,2020-04-03,nowcast,1,1,1.1,1,1.1,0.14
North West,2020-04-04,nowcast,1,1,1.1,1,1.1,0.26
North West,2020-04-05,nowcast,1,0.9,1.1,1,1,0.43
North West,2020-04-06,nowcast,1,0.9,1.1,1,1,0.57
North West,2020-04-07,nowcast,1,0.9,1,1,1,0.61
North West,2020-04-08,nowcast,1,0.9,1,1,1,0.62
North West,2020-04-09,nowcast,1,0.9,1,1,1,0.55
North West,2020-04-10,nowcast,1,1,1.1,1,1,0.45
North West,2020-04-11,nowcast,1,1,1.1,1,1,0.36
North West,2020-04-12,nowcast,1,1,1.1,1,1,0.29
North West,2020-04-13,nowcast,1,1,1.1,1,1,0.29
North West,2020-04-14,nowcast,1,1,1.1,1,1,0.32
North West,2020-04-15,nowcast,1,1,1.1,1,1,0.41
North West,2020-04-16,nowcast,1,0.9,1.1,1,1,0.48
North West,2020-04-17,nowcast,1,0.9,1,1,1,0.63
North West,2020-04-18,nowcast,1,0.9,1,1,1,0.76
North West,2020-04-19,nowcast,1,0.9,1,0.9,1,0.87
North West,2020-04-20,nowcast,1,0.9,1,0.9,1,0.95
North West,2020-04-21,nowcast,0.9,0.9,1,0.9,1,0.98
North West,2020-04-22,nowcast,0.9,0.9,1,0.9,1,0.99
North West,2020-04-23,nowcast,0.9,0.9,1,0.9,1,0.99
North West,2020-04-24,nowcast,0.9,0.9,1,0.9,1,0.99
North West,2020-04-25,nowcast,0.9,0.9,1,0.9,0.9,0.98
North West,2020-04-26,nowcast,0.9,0.9,1,0.9,0.9,0.99
North West,2020-04-27,nowcast,0.9,0.8,1,0.9,0.9,1
North West,2020-04-28,nowcast,0.9,0.8,0.9,0.9,0.9,1
North West,2020-04-29,nowcast,0.9,0.8,0.9,0.9,0.9,1
North West,2020-04-30,nowcast,0.9,0.8,0.9,0.9,0.9,1
North West,2020-05-01,nowcast,0.9,0.8,0.9,0.9,0.9,0.99
North West,2020-05-02,nowcast,0.9,0.8,1,0.9,0.9,0.99
North West,2020-05-03,nowcast,0.9,0.8,1,0.9,0.9,0.98
North West,2020-05-04,nowcast,0.9,0.8,1,0.9,0.9,0.98
North West,2020-05-05,nowcast,0.9,0.9,1,0.9,0.9,0.98
North West,2020-05-06,nowcast,0.9,0.9,1,0.9,0.9,0.97
North West,2020-05-07,nowcast,0.9,0.9,1,0.9,0.9,0.96
North West,2020-05-08,nowcast,0.9,0.9,1,0.9,1,0.95
North West,2020-05-09,nowcast,0.9,0.9,1,0.9,0.9,0.96
North West,2020-05-10,nowcast,0.9,0.9,1,0.9,1,0.96
North West,2020-05-11,nowcast,0.9,0.9,1,0.9,0.9,0.98
North West,2020-05-12,nowcast,0.9,0.9,1,0.9,0.9,0.98
North West,2020-05-13,nowcast,0.9,0.9,1,0.9,0.9,0.99
North West,2020-05-14,nowcast,0.9,0.8,1,0.9,0.9,0.98
North West,2020-05-15,nowcast,0.9,0.8,1,0.9,0.9,0.99
North West,2020-05-16,nowcast,0.9,0.8,1,0.9,0.9,0.99
North West,2020-05-17,nowcast,0.9,0.8,1,0.9,0.9,1
North West,2020-05-18,nowcast,0.9,0.8,0.9,0.8,0.9,1
North West,2020-05-19,nowcast,0.8,0.8,0.9,0.8,0.9,1
North West,2020-05-20,nowcast,0.8,0.8,0.9,0.8,0.9,1
North West,2020-05-21,nowcast,0.8,0.8,0.9,0.8,0.9,1
North West,2020-05-22,nowcast,0.8,0.8,0.9,0.8,0.9,1
North West,2020-05-23,nowcast,0.9,0.8,0.9,0.8,0.9,0.99
North West,2020-05-24,nowcast,0.9,0.8,0.9,0.8,0.9,0.99
North West,2020-05-25,nowcast,0.9,0.8,0.9,0.8,0.9,0.99
North West,2020-05-26,nowcast,0.9,0.8,0.9,0.8,0.9,0.99
North West,2020-05-27,nowcast,0.9,0.8,0.9,0.8,0.9,0.99
North West,2020-05-28,nowcast,0.9,0.8,0.9,0.8,0.9,0.99
North West,2020-05-29,nowcast,0.9,0.8,0.9,0.8,0.9,0.99
North West,2020-05-30,nowcast,0.9,0.8,0.9,0.8,0.9,1
North West,2020-05-31,nowcast,0.9,0.8,0.9,0.8,0.9,0.99
North West,2020-06-01,nowcast,0.9,0.8,0.9,0.8,0.9,0.99
North West,2020-06-02,nowcast,0.9,0.8,0.9,0.8,0.9,0.99
North West,2020-06-03,nowcast,0.9,0.8,1,0.8,0.9,0.98
North West,2020-06-04,nowcast,0.9,0.8,1,0.8,0.9,0.96
North West,2020-06-05,nowcast,0.9,0.8,1,0.8,0.9,0.93
North West,2020-06-06,nowcast,0.9,0.8,1,0.9,0.9,0.92
North West,2020-06-07,nowcast,0.9,0.8,1,0.9,0.9,0.91
North West,2020-06-08,nowcast,0.9,0.8,1,0.9,1,0.91
North West,2020-06-09,nowcast,0.9,0.8,1,0.9,1,0.91
North West,2020-06-10,nowcast,0.9,0.8,1,0.9,0.9,0.92
North West,2020-06-11,nowcast,0.9,0.8,1,0.9,1,0.91
North West,2020-06-12,nowcast,0.9,0.8,1,0.9,1,0.92
North West,2020-06-13,nowcast,0.9,0.8,1,0.9,0.9,0.93
North West,2020-06-14,nowcast,0.9,0.8,1,0.9,0.9,0.94
North West,2020-06-15,nowcast,0.9,0.8,1,0.9,0.9,0.97
North West,2020-06-16,nowcast,0.9,0.8,1,0.8,0.9,0.98
North West,2020-06-17,nowcast,0.9,0.7,1,0.8,0.9,0.98
North West,2020-06-18,nowcast,0.9,0.8,1,0.8,0.9,0.98
North West,2020-06-19,nowcast,0.9,0.7,1,0.8,0.9,0.98
North West,2020-06-20,nowcast,0.9,0.7,1,0.8,0.9,0.98
North West,2020-06-21,nowcast,0.8,0.7,1,0.8,0.9,0.98
North West,2020-06-22,nowcast,0.8,0.7,1,0.8,0.9,0.98
North West,2020-06-23,nowcast,0.8,0.7,1,0.8,0.9,0.98
North West,2020-06-24,nowcast,0.8,0.7,1,0.8,0.9,0.99
North West,2020-06-25,nowcast,0.8,0.7,0.9,0.8,0.9,0.99
North West,2020-06-26,forecast,0.8,0.7,0.9,0.8,0.9,0.98
North West,2020-06-27,forecast,0.8,0.7,1,0.8,0.9,0.97
North West,2020-06-28,forecast,0.8,0.7,1,0.8,0.9,0.97
North West,2020-06-29,forecast,0.8,0.6,1,0.8,0.9,0.96
North West,2020-06-30,forecast,0.8,0.6,1,0.7,0.9,0.96
North West,2020-07-01,forecast,0.8,0.6,1,0.8,0.9,0.94
North West,2020-07-02,forecast,0.8,0.6,1,0.7,0.9,0.94
North West,2020-07-03,forecast,0.8,0.6,1,0.7,0.9,0.94
North West,2020-07-04,forecast,0.8,0.6,1,0.7,0.9,0.93
North West,2020-07-05,forecast,0.8,0.6,1,0.7,0.9,0.92
North West,2020-07-06,forecast,0.8,0.6,1,0.7,0.9,0.92
North West,2020-07-07,forecast,0.8,0.6,1.1,0.7,0.9,0.91
North West,2020-07-08,forecast,0.8,0.6,1.1,0.7,0.9,0.91
North West,2020-07-09,forecast,0.8,0.6,1.1,0.7,0.9,0.9
Northern Ireland,2020-03-11,nowcast,1.6,1.2,2.1,1.4,1.8,0.01
Northern Ireland,2020-03-12,nowcast,1.6,1.2,2.1,1.4,1.8,0
Northern Ireland,2020-03-13,nowcast,1.6,1.2,2,1.5,1.8,0
Northern Ireland,2020-03-14,nowcast,1.6,1.3,2,1.4,1.7,0
Northern Ireland,2020-03-15,nowcast,1.6,1.3,2,1.4,1.7,0
Northern Ireland,2020-03-16,nowcast,1.6,1.2,1.9,1.4,1.7,0
Northern Ireland,2020-03-17,nowcast,1.5,1.2,1.9,1.4,1.6,0
Northern Ireland,2020-03-18,nowcast,1.5,1.2,1.8,1.4,1.6,0
Northern Ireland,2020-03-19,nowcast,1.5,1.2,1.8,1.3,1.6,0
Northern Ireland,2020-03-20,nowcast,1.4,1.2,1.7,1.3,1.5,0
Northern Ireland,2020-03-21,nowcast,1.4,1.1,1.6,1.3,1.5,0
Northern Ireland,2020-03-22,nowcast,1.3,1.1,1.6,1.3,1.5,0.01
Northern Ireland,2020-03-23,nowcast,1.3,1.1,1.5,1.2,1.4,0.01
Northern Ireland,2020-03-24,nowcast,1.3,1,1.5,1.2,1.3,0.02
Northern Ireland,2020-03-25,nowcast,1.2,1,1.4,1.1,1.3,0.03
Northern Ireland,2020-03-26,nowcast,1.2,1,1.4,1.1,1.2,0.05
Northern Ireland,2020-03-27,nowcast,1.2,1,1.3,1.1,1.2,0.07
Northern Ireland,2020-03-28,nowcast,1.1,1,1.3,1.1,1.2,0.1
Northern Ireland,2020-03-29,nowcast,1.1,0.9,1.3,1,1.2,0.15
Northern Ireland,2020-03-30,nowcast,1.1,0.9,1.2,1,1.1,0.2
Northern Ireland,2020-03-31,nowcast,1.1,0.9,1.2,1,1.1,0.24
Northern Ireland,2020-04-01,nowcast,1,0.9,1.2,1,1.1,0.27
Northern Ireland,2020-04-02,nowcast,1,0.9,1.2,1,1.1,0.29
Northern Ireland,2020-04-03,nowcast,1,0.9,1.2,1,1.1,0.31
Northern Ireland,2020-04-04,nowcast,1,0.9,1.1,1,1.1,0.33
Northern Ireland,2020-04-05,nowcast,1,0.9,1.1,1,1.1,0.36
Northern Ireland,2020-04-06,nowcast,1,0.9,1.1,1,1.1,0.37
Northern Ireland,2020-04-07,nowcast,1,0.9,1.1,1,1.1,0.39
Northern Ireland,2020-04-08,nowcast,1,0.9,1.1,1,1.1,0.39
Northern Ireland,2020-04-09,nowcast,1,0.9,1.1,1,1.1,0.42
Northern Ireland,2020-04-10,nowcast,1,0.9,1.1,1,1,0.48
Northern Ireland,2020-04-11,nowcast,1,0.9,1.1,1,1,0.55
Northern Ireland,2020-04-12,nowcast,1,0.8,1.1,0.9,1,0.69
Northern Ireland,2020-04-13,nowcast,0.9,0.8,1.1,0.9,1,0.79
Northern Ireland,2020-04-14,nowcast,0.9,0.8,1,0.9,1,0.88
Northern Ireland,2020-04-15,nowcast,0.9,0.8,1,0.9,1,0.93
Northern Ireland,2020-04-16,nowcast,0.9,0.7,1,0.8,0.9,0.95
Northern Ireland,2020-04-17,nowcast,0.9,0.7,1,0.8,0.9,0.96
Northern Ireland,2020-04-18,nowcast,0.9,0.7,1,0.8,0.9,0.96
Northern Ireland,2020-04-19,nowcast,0.9,0.7,1,0.8,0.9,0.96
Northern Ireland,2020-04-20,nowcast,0.9,0.7,1,0.8,0.9,0.96
Northern Ireland,2020-04-21,nowcast,0.9,0.7,1,0.8,0.9,0.95
Northern Ireland,2020-04-22,nowcast,0.9,0.7,1,0.8,0.9,0.95
Northern Ireland,2020-04-23,nowcast,0.9,0.7,1,0.8,0.9,0.92
Northern Ireland,2020-04-24,nowcast,0.9,0.7,1,0.8,0.9,0.91
Northern Ireland,2020-04-25,nowcast,0.9,0.7,1,0.8,0.9,0.92
Northern Ireland,2020-04-26,nowcast,0.9,0.7,1,0.8,0.9,0.94
Northern Ireland,2020-04-27,nowcast,0.9,0.7,1,0.8,0.9,0.95
Northern Ireland,2020-04-28,nowcast,0.8,0.7,1,0.8,0.9,0.95
Northern Ireland,2020-04-29,nowcast,0.8,0.7,1,0.8,0.9,0.97
Northern Ireland,2020-04-30,nowcast,0.8,0.7,1,0.8,0.9,0.96
Northern Ireland,2020-05-01,nowcast,0.8,0.7,1,0.8,0.9,0.95
Northern Ireland,2020-05-02,nowcast,0.8,0.7,1,0.8,0.9,0.92
Northern Ireland,2020-05-03,nowcast,0.9,0.7,1,0.8,0.9,0.92
Northern Ireland,2020-05-04,nowcast,0.9,0.7,1,0.8,0.9,0.91
Northern Ireland,2020-05-05,nowcast,0.9,0.7,1,0.8,0.9,0.92
Northern Ireland,2020-05-06,nowcast,0.9,0.7,1,0.8,0.9,0.9
Northern Ireland,2020-05-07,nowcast,0.9,0.7,1,0.8,0.9,0.92
Northern Ireland,2020-05-08,nowcast,0.8,0.7,1,0.8,0.9,0.93
Northern Ireland,2020-05-09,nowcast,0.8,0.7,1,0.8,0.9,0.94
Northern Ireland,2020-05-10,nowcast,0.8,0.6,1,0.8,0.9,0.95
Northern Ireland,2020-05-11,nowcast,0.8,0.6,1,0.7,0.9,0.95
Northern Ireland,2020-05-12,nowcast,0.8,0.6,1,0.7,0.9,0.95
Northern Ireland,2020-05-13,nowcast,0.8,0.6,1,0.7,0.9,0.94
Northern Ireland,2020-05-14,nowcast,0.8,0.6,1,0.7,0.9,0.95
Northern Ireland,2020-05-15,nowcast,0.8,0.6,1,0.7,0.9,0.95
Northern Ireland,2020-05-16,nowcast,0.8,0.6,1,0.7,0.9,0.96
Northern Ireland,2020-05-17,nowcast,0.8,0.5,1,0.7,0.8,0.97
Northern Ireland,2020-05-18,nowcast,0.7,0.5,1,0.7,0.8,0.97
Northern Ireland,2020-05-19,nowcast,0.7,0.5,0.9,0.6,0.8,0.98
Northern Ireland,2020-05-20,nowcast,0.7,0.5,0.9,0.6,0.8,0.97
Northern Ireland,2020-05-21,nowcast,0.7,0.5,0.9,0.6,0.8,0.97
Northern Ireland,2020-05-22,nowcast,0.7,0.5,0.9,0.6,0.8,0.97
Northern Ireland,2020-05-23,nowcast,0.7,0.5,1,0.6,0.8,0.96
Northern Ireland,2020-05-24,nowcast,0.7,0.5,1,0.6,0.8,0.95
Northern Ireland,2020-05-25,nowcast,0.7,0.4,1,0.6,0.8,0.94
Northern Ireland,2020-05-26,nowcast,0.7,0.4,1.1,0.6,0.8,0.9
Northern Ireland,2020-05-27,nowcast,0.7,0.5,1.1,0.6,0.8,0.9
Northern Ireland,2020-05-28,nowcast,0.8,0.5,1.1,0.6,0.8,0.88
Northern Ireland,2020-05-29,nowcast,0.8,0.5,1.1,0.6,0.9,0.86
Northern Ireland,2020-05-30,nowcast,0.8,0.5,1.1,0.6,0.9,0.83
Northern Ireland,2020-05-31,nowcast,0.8,0.5,1.2,0.7,0.9,0.82
Northern Ireland,2020-06-01,nowcast,0.8,0.5,1.2,0.7,0.9,0.8
Northern Ireland,2020-06-02,nowcast,0.8,0.5,1.2,0.7,0.9,0.76
Northern Ireland,2020-06-03,nowcast,0.8,0.5,1.2,0.7,0.9,0.74
Northern Ireland,2020-06-04,nowcast,0.9,0.5,1.3,0.7,1,0.74
Northern Ireland,2020-06-05,nowcast,0.8,0.4,1.3,0.7,1,0.74
Northern Ireland,2020-06-06,nowcast,0.8,0.5,1.3,0.7,1,0.76
Northern Ireland,2020-06-07,nowcast,0.8,0.4,1.2,0.6,0.9,0.79
Northern Ireland,2020-06-08,nowcast,0.8,0.3,1.2,0.6,0.9,0.82
Northern Ireland,2020-06-09,nowcast,0.8,0.3,1.1,0.6,0.9,0.85
Northern Ireland,2020-06-10,nowcast,0.7,0.3,1.1,0.6,0.9,0.85
Northern Ireland,2020-06-11,nowcast,0.7,0.3,1.2,0.5,0.9,0.85
Northern Ireland,2020-06-12,nowcast,0.7,0.3,1.2,0.5,0.8,0.82
Northern Ireland,2020-06-13,nowcast,0.7,0.3,1.2,0.6,0.9,0.82
Northern Ireland,2020-06-14,nowcast,0.8,0.2,1.3,0.5,0.9,0.77
Northern Ireland,2020-06-15,nowcast,0.8,0.3,1.4,0.6,1,0.73
Northern Ireland,2020-06-16,nowcast,0.9,0.3,1.6,0.6,1,0.65
Northern Ireland,2020-06-17,nowcast,1,0.3,1.9,0.6,1.1,0.54
Northern Ireland,2020-06-18,nowcast,1,0.4,2,0.7,1.3,0.45
Northern Ireland,2020-06-19,nowcast,1.1,0.4,2.1,0.7,1.3,0.37
Northern Ireland,2020-06-20,nowcast,1.2,0.5,2.3,0.8,1.5,0.29
Scotland,2020-03-09,nowcast,1.7,1.3,2.1,1.5,1.8,0
Scotland,2020-03-10,nowcast,1.6,1.3,2,1.5,1.8,0
Scotland,2020-03-11,nowcast,1.6,1.3,1.9,1.4,1.7,0
Scotland,2020-03-12,nowcast,1.6,1.3,1.9,1.4,1.7,0
Scotland,2020-03-13,nowcast,1.6,1.3,1.9,1.4,1.7,0
Scotland,2020-03-14,nowcast,1.6,1.3,1.8,1.5,1.7,0
Scotland,2020-03-15,nowcast,1.6,1.3,1.8,1.4,1.6,0
Scotland,2020-03-16,nowcast,1.5,1.3,1.8,1.4,1.6,0
Scotland,2020-03-17,nowcast,1.5,1.3,1.8,1.4,1.6,0
Scotland,2020-03-18,nowcast,1.5,1.3,1.8,1.4,1.6,0
Scotland,2020-03-19,nowcast,1.5,1.3,1.7,1.4,1.6,0
Scotland,2020-03-20,nowcast,1.5,1.3,1.7,1.4,1.6,0
Scotland,2020-03-21,nowcast,1.5,1.3,1.7,1.4,1.6,0
Scotland,2020-03-22,nowcast,1.4,1.2,1.6,1.3,1.5,0
Scotland,2020-03-23,nowcast,1.4,1.2,1.6,1.3,1.5,0
Scotland,2020-03-24,nowcast,1.4,1.2,1.5,1.3,1.4,0
Scotland,2020-03-25,nowcast,1.3,1.1,1.5,1.2,1.4,0
Scotland,2020-03-26,nowcast,1.3,1.1,1.4,1.2,1.3,0
Scotland,2020-03-27,nowcast,1.2,1.1,1.4,1.2,1.3,0
Scotland,2020-03-28,nowcast,1.2,1.1,1.3,1.2,1.3,0.01
Scotland,2020-03-29,nowcast,1.2,1,1.3,1.1,1.2,0.02
Scotland,2020-03-30,nowcast,1.1,1,1.2,1.1,1.2,0.04
Scotland,2020-03-31,nowcast,1.1,1,1.2,1,1.1,0.08
Scotland,2020-04-01,nowcast,1.1,1,1.2,1,1.1,0.16
Scotland,2020-04-02,nowcast,1,0.9,1.1,1,1.1,0.22
Scotland,2020-04-03,nowcast,1,0.9,1.1,1,1.1,0.29
Scotland,2020-04-04,nowcast,1,0.9,1.1,1,1.1,0.34
Scotland,2020-04-05,nowcast,1,0.9,1.1,1,1,0.39
Scotland,2020-04-06,nowcast,1,0.9,1.1,1,1,0.44
Scotland,2020-04-07,nowcast,1,0.9,1.1,1,1,0.47
Scotland,2020-04-08,nowcast,1,0.9,1.1,1,1,0.52
Scotland,2020-04-09,nowcast,1,0.9,1.1,1,1,0.52
Scotland,2020-04-10,nowcast,1,0.9,1.1,1,1,0.5
Scotland,2020-04-11,nowcast,1,0.9,1.1,1,1,0.48
Scotland,2020-04-12,nowcast,1,0.9,1.1,1,1,0.49
Scotland,2020-04-13,nowcast,1,0.9,1.1,1,1,0.53
Scotland,2020-04-14,nowcast,1,0.9,1.1,1,1,0.62
Scotland,2020-04-15,nowcast,1,0.9,1,0.9,1,0.72
Scotland,2020-04-16,nowcast,1,0.9,1,0.9,1,0.82
Scotland,2020-04-17,nowcast,1,0.9,1,0.9,1,0.88
Scotland,2020-04-18,nowcast,0.9,0.9,1,0.9,1,0.92
Scotland,2020-04-19,nowcast,0.9,0.9,1,0.9,1,0.94
Scotland,2020-04-20,nowcast,0.9,0.8,1,0.9,1,0.96
Scotland,2020-04-21,nowcast,0.9,0.8,1,0.9,0.9,0.97
Scotland,2020-04-22,nowcast,0.9,0.8,1,0.9,0.9,0.98
Scotland,2020-04-23,nowcast,0.9,0.8,1,0.9,0.9,0.99
Scotland,2020-04-24,nowcast,0.9,0.8,1,0.9,0.9,0.98
Scotland,2020-04-25,nowcast,0.9,0.8,1,0.9,0.9,0.98
Scotland,2020-04-26,nowcast,0.9,0.8,1,0.9,0.9,0.99
Scotland,2020-04-27,nowcast,0.9,0.8,1,0.9,0.9,0.99
Scotland,2020-04-28,nowcast,0.9,0.8,0.9,0.8,0.9,0.99
Scotland,2020-04-29,nowcast,0.9,0.8,0.9,0.8,0.9,1
Scotland,2020-04-30,nowcast,0.9,0.8,0.9,0.8,0.9,1
Scotland,2020-05-01,nowcast,0.9,0.8,0.9,0.8,0.9,1
Scotland,2020-05-02,nowcast,0.8,0.8,0.9,0.8,0.9,0.99
Scotland,2020-05-03,nowcast,0.8,0.8,0.9,0.8,0.9,0.99
Scotland,2020-05-04,nowcast,0.8,0.7,0.9,0.8,0.9,0.99
Scotland,2020-05-05,nowcast,0.8,0.7,0.9,0.8,0.9,0.99
Scotland,2020-05-06,nowcast,0.8,0.7,0.9,0.8,0.9,1
Scotland,2020-05-07,nowcast,0.8,0.7,0.9,0.8,0.9,1
Scotland,2020-05-08,nowcast,0.8,0.7,0.9,0.8,0.8,1
Scotland,2020-05-09,nowcast,0.8,0.7,0.9,0.8,0.8,1
Scotland,2020-05-10,nowcast,0.8,0.7,0.9,0.8,0.8,1
Scotland,2020-05-11,nowcast,0.8,0.7,0.9,0.7,0.8,1
Scotland,2020-05-12,nowcast,0.8,0.6,0.9,0.7,0.8,1
Scotland,2020-05-13,nowcast,0.7,0.6,0.8,0.7,0.8,1
Scotland,2020-05-14,nowcast,0.7,0.6,0.8,0.7,0.8,1
Scotland,2020-05-15,nowcast,0.7,0.6,0.8,0.7,0.8,1
Scotland,2020-05-16,nowcast,0.7,0.6,0.8,0.7,0.8,1
Scotland,2020-05-17,nowcast,0.7,0.6,0.8,0.7,0.8,1
Scotland,2020-05-18,nowcast,0.7,0.6,0.9,0.7,0.8,1
Scotland,2020-05-19,nowcast,0.7,0.6,0.9,0.7,0.8,1
Scotland,2020-05-20,nowcast,0.7,0.6,0.8,0.7,0.8,1
Scotland,2020-05-21,nowcast,0.7,0.6,0.9,0.7,0.8,1
Scotland,2020-05-22,nowcast,0.7,0.5,0.8,0.6,0.8,1
Scotland,2020-05-23,nowcast,0.7,0.5,0.9,0.6,0.8,0.99
Scotland,2020-05-24,nowcast,0.7,0.6,0.9,0.6,0.8,0.99
Scotland,2020-05-25,nowcast,0.7,0.5,0.9,0.6,0.8,0.98
Scotland,2020-05-26,nowcast,0.7,0.5,0.9,0.7,0.8,0.97
Scotland,2020-05-27,nowcast,0.7,0.6,0.9,0.7,0.8,0.97
Scotland,2020-05-28,nowcast,0.7,0.6,1,0.7,0.8,0.96
Scotland,2020-05-29,nowcast,0.8,0.6,1,0.7,0.8,0.95
Scotland,2020-05-30,nowcast,0.8,0.6,1,0.7,0.8,0.95
Scotland,2020-05-31,nowcast,0.8,0.6,1,0.7,0.8,0.95
Scotland,2020-06-01,nowcast,0.8,0.6,1,0.7,0.9,0.95
Scotland,2020-06-02,nowcast,0.8,0.6,1,0.7,0.8,0.95
Scotland,2020-06-03,nowcast,0.8,0.5,1,0.7,0.8,0.94
Scotland,2020-06-04,nowcast,0.8,0.6,1,0.7,0.8,0.92
Scotland,2020-06-05,nowcast,0.8,0.6,1.1,0.7,0.9,0.88
Scotland,2020-06-06,nowcast,0.8,0.6,1.1,0.7,0.9,0.83
Scotland,2020-06-07,nowcast,0.9,0.6,1.2,0.8,1,0.78
Scotland,2020-06-08,nowcast,0.9,0.6,1.2,0.8,1,0.74
Scotland,2020-06-09,nowcast,0.9,0.7,1.2,0.8,1,0.69
Scotland,2020-06-10,nowcast,0.9,0.7,1.2,0.8,1,0.67
Scotland,2020-06-11,nowcast,0.9,0.7,1.2,0.8,1,0.69
Scotland,2020-06-12,nowcast,0.9,0.7,1.2,0.8,1,0.71
Scotland,2020-06-13,nowcast,0.9,0.6,1.2,0.8,1,0.71
Scotland,2020-06-14,nowcast,0.9,0.6,1.1,0.8,1,0.75
Scotland,2020-06-15,nowcast,0.9,0.6,1.2,0.8,1,0.76
Scotland,2020-06-16,nowcast,0.9,0.6,1.2,0.8,1,0.78
Scotland,2020-06-17,nowcast,0.9,0.6,1.1,0.8,1,0.8
Scotland,2020-06-18,nowcast,0.8,0.6,1.1,0.7,0.9,0.86
Scotland,2020-06-19,nowcast,0.8,0.5,1.1,0.7,0.9,0.87
Scotland,2020-06-20,nowcast,0.8,0.5,1.1,0.7,0.9,0.88
Scotland,2020-06-21,nowcast,0.8,0.5,1.1,0.7,0.9,0.86
Scotland,2020-06-22,nowcast,0.8,0.5,1.2,0.7,0.9,0.82
Scotland,2020-06-23,nowcast,0.8,0.5,1.2,0.7,0.9,0.79
Scotland,2020-06-24,nowcast,0.9,0.5,1.3,0.7,1,0.72
South East,2020-03-03,nowcast,1.8,1.4,2.2,1.6,1.9,0
South East,2020-03-04,nowcast,1.7,1.4,2.1,1.6,1.9,0
South East,2020-03-05,nowcast,1.7,1.4,2.1,1.6,1.8,0
South East,2020-03-06,nowcast,1.7,1.3,2,1.5,1.8,0
South East,2020-03-07,nowcast,1.6,1.3,2,1.5,1.7,0
South East,2020-03-08,nowcast,1.6,1.3,1.9,1.5,1.7,0
South East,2020-03-09,nowcast,1.6,1.3,1.8,1.5,1.7,0
South East,2020-03-10,nowcast,1.5,1.3,1.8,1.4,1.6,0
South East,2020-03-11,nowcast,1.5,1.3,1.8,1.4,1.6,0
South East,2020-03-12,nowcast,1.5,1.3,1.8,1.4,1.6,0
South East,2020-03-13,nowcast,1.5,1.3,1.7,1.4,1.6,0
South East,2020-03-14,nowcast,1.5,1.3,1.7,1.4,1.6,0
South East,2020-03-15,nowcast,1.5,1.3,1.7,1.4,1.5,0
South East,2020-03-16,nowcast,1.5,1.3,1.6,1.4,1.5,0
South East,2020-03-17,nowcast,1.4,1.3,1.6,1.4,1.5,0
South East,2020-03-18,nowcast,1.4,1.2,1.6,1.3,1.5,0
South East,2020-03-19,nowcast,1.4,1.2,1.6,1.3,1.5,0
South East,2020-03-20,nowcast,1.4,1.2,1.5,1.3,1.4,0
South East,2020-03-21,nowcast,1.3,1.2,1.5,1.3,1.4,0
South East,2020-03-22,nowcast,1.3,1.2,1.5,1.2,1.4,0
South East,2020-03-23,nowcast,1.3,1.1,1.4,1.2,1.3,0
South East,2020-03-24,nowcast,1.3,1.1,1.4,1.2,1.3,0
South East,2020-03-25,nowcast,1.2,1.1,1.3,1.2,1.3,0
South East,2020-03-26,nowcast,1.2,1.1,1.3,1.2,1.3,0
South East,2020-03-27,nowcast,1.2,1.1,1.3,1.2,1.2,0
South East,2020-03-28,nowcast,1.2,1.1,1.3,1.1,1.2,0
South East,2020-03-29,nowcast,1.1,1.1,1.2,1.1,1.2,0.01
South East,2020-03-30,nowcast,1.1,1,1.2,1.1,1.2,0.01
South East,2020-03-31,nowcast,1.1,1,1.2,1.1,1.1,0.02
South East,2020-04-01,nowcast,1.1,1,1.2,1.1,1.1,0.03
South East,2020-04-02,nowcast,1.1,1,1.2,1.1,1.1,0.05
South East,2020-04-03,nowcast,1.1,1,1.1,1,1.1,0.06
South East,2020-04-04,nowcast,1.1,1,1.1,1,1.1,0.1
South East,2020-04-05,nowcast,1,1,1.1,1,1.1,0.12
South East,2020-04-06,nowcast,1,1,1.1,1,1.1,0.17
South East,2020-04-07,nowcast,1,1,1.1,1,1.1,0.18
South East,2020-04-08,nowcast,1,1,1.1,1,1.1,0.18
South East,2020-04-09,nowcast,1,1,1.1,1,1.1,0.15
South East,2020-04-10,nowcast,1,1,1.1,1,1,0.14
South East,2020-04-11,nowcast,1,1,1.1,1,1.1,0.16
South East,2020-04-12,nowcast,1,1,1.1,1,1,0.22
South East,2020-04-13,nowcast,1,1,1.1,1,1,0.31
South East,2020-04-14,nowcast,1,0.9,1.1,1,1,0.42
South East,2020-04-15,nowcast,1,0.9,1.1,1,1,0.49
South East,2020-04-16,nowcast,1,0.9,1,1,1,0.54
South East,2020-04-17,nowcast,1,0.9,1,1,1,0.57
South East,2020-04-18,nowcast,1,0.9,1,1,1,0.6
South East,2020-04-19,nowcast,1,0.9,1,1,1,0.7
South East,2020-04-20,nowcast,1,0.9,1,1,1,0.79
South East,2020-04-21,nowcast,1,0.9,1,0.9,1,0.89
South East,2020-04-22,nowcast,1,0.9,1,0.9,1,0.95
South East,2020-04-23,nowcast,0.9,0.9,1,0.9,1,0.98
South East,2020-04-24,nowcast,0.9,0.9,1,0.9,1,0.99
South East,2020-04-25,nowcast,0.9,0.8,1,0.9,0.9,1
South East,2020-04-26,nowcast,0.9,0.8,1,0.9,0.9,1
South East,2020-04-27,nowcast,0.9,0.8,0.9,0.9,0.9,1
South East,2020-04-28,nowcast,0.9,0.8,0.9,0.9,0.9,1
South East,2020-04-29,nowcast,0.9,0.8,0.9,0.8,0.9,1
South East,2020-04-30,nowcast,0.9,0.8,0.9,0.8,0.9,1
South East,2020-05-01,nowcast,0.9,0.8,0.9,0.8,0.9,1
South East,2020-05-02,nowcast,0.9,0.8,0.9,0.8,0.9,1
South East,2020-05-03,nowcast,0.9,0.8,0.9,0.8,0.9,1
South East,2020-05-04,nowcast,0.9,0.8,0.9,0.8,0.9,1
South East,2020-05-05,nowcast,0.9,0.8,0.9,0.8,0.9,1
South East,2020-05-06,nowcast,0.9,0.8,0.9,0.8,0.9,0.99
South East,2020-05-07,nowcast,0.9,0.8,1,0.8,0.9,0.98
South East,2020-05-08,nowcast,0.9,0.8,1,0.9,0.9,0.99
South East,2020-05-09,nowcast,0.9,0.8,0.9,0.9,0.9,0.99
South East,2020-05-10,nowcast,0.9,0.8,0.9,0.8,0.9,1
South East,2020-05-11,nowcast,0.9,0.8,0.9,0.8,0.9,1
South East,2020-05-12,nowcast,0.9,0.8,0.9,0.8,0.9,1
South East,2020-05-13,nowcast,0.9,0.8,0.9,0.8,0.9,1
South East,2020-05-14,nowcast,0.9,0.8,0.9,0.8,0.9,0.99
South East,2020-05-15,nowcast,0.9,0.8,0.9,0.8,0.9,1
South East,2020-05-16,nowcast,0.8,0.8,0.9,0.8,0.9,0.99
South East,2020-05-17,nowcast,0.8,0.7,0.9,0.8,0.9,1
South East,2020-05-18,nowcast,0.8,0.7,0.9,0.8,0.9,1
South East,2020-05-19,nowcast,0.8,0.7,0.9,0.8,0.8,1
South East,2020-05-20,nowcast,0.8,0.7,0.9,0.8,0.8,1
South East,2020-05-21,nowcast,0.8,0.7,0.9,0.8,0.8,1
South East,2020-05-22,nowcast,0.8,0.7,0.9,0.8,0.8,0.99
South East,2020-05-23,nowcast,0.8,0.7,1,0.8,0.9,0.98
South East,2020-05-24,nowcast,0.8,0.7,1,0.8,0.9,0.97
South East,2020-05-25,nowcast,0.8,0.7,1,0.8,0.9,0.98
South East,2020-05-26,nowcast,0.9,0.8,1,0.8,0.9,0.98
South East,2020-05-27,nowcast,0.9,0.8,1,0.8,0.9,0.98
South East,2020-05-28,nowcast,0.9,0.8,1,0.8,0.9,0.98
South East,2020-05-29,nowcast,0.8,0.7,0.9,0.8,0.9,0.99
South East,2020-05-30,nowcast,0.8,0.7,0.9,0.8,0.9,0.99
South East,2020-05-31,nowcast,0.8,0.7,0.9,0.8,0.9,0.99
South East,2020-06-01,nowcast,0.8,0.7,0.9,0.8,0.9,1
South East,2020-06-02,nowcast,0.8,0.7,0.9,0.8,0.9,1
South East,2020-06-03,nowcast,0.8,0.7,0.9,0.8,0.8,0.99
South East,2020-06-04,nowcast,0.8,0.7,0.9,0.8,0.9,0.99
South East,2020-06-05,nowcast,0.8,0.7,1,0.8,0.9,0.97
South East,2020-06-06,nowcast,0.8,0.7,1,0.8,0.9,0.97
South East,2020-06-07,nowcast,0.8,0.7,1,0.8,0.9,0.96
South East,2020-06-08,nowcast,0.8,0.7,1,0.8,0.9,0.96
South East,2020-06-09,nowcast,0.9,0.7,1,0.8,0.9,0.96
South East,2020-06-10,nowcast,0.9,0.7,1,0.8,0.9,0.95
South East,2020-06-11,nowcast,0.9,0.7,1,0.8,0.9,0.94
South East,2020-06-12,nowcast,0.9,0.7,1,0.8,0.9,0.93
South East,2020-06-13,nowcast,0.9,0.7,1,0.8,0.9,0.93
South East,2020-06-14,nowcast,0.9,0.7,1,0.8,0.9,0.93
South East,2020-06-15,nowcast,0.9,0.7,1,0.8,0.9,0.93
South East,2020-06-16,nowcast,0.9,0.7,1,0.8,0.9,0.94
South East,2020-06-17,nowcast,0.9,0.7,1,0.8,0.9,0.94
South East,2020-06-18,nowcast,0.9,0.7,1,0.8,0.9,0.94
South East,2020-06-19,nowcast,0.9,0.7,1,0.8,0.9,0.93
South East,2020-06-20,nowcast,0.9,0.7,1,0.8,0.9,0.93
South East,2020-06-21,nowcast,0.9,0.7,1,0.8,0.9,0.93
South East,2020-06-22,nowcast,0.9,0.7,1,0.8,0.9,0.92
South East,2020-06-23,nowcast,0.9,0.7,1,0.8,0.9,0.93
South East,2020-06-24,nowcast,0.8,0.7,1,0.8,0.9,0.94
South East,2020-06-25,nowcast,0.8,0.7,1,0.8,0.9,0.95
South East,2020-06-26,forecast,0.8,0.7,1,0.8,0.9,0.93
South East,2020-06-27,forecast,0.8,0.6,1,0.8,0.9,0.91
South East,2020-06-28,forecast,0.8,0.6,1,0.8,0.9,0.91
South East,2020-06-29,forecast,0.8,0.6,1.1,0.8,0.9,0.9
South East,2020-06-30,forecast,0.8,0.6,1.1,0.8,0.9,0.9
South East,2020-07-01,forecast,0.8,0.6,1.1,0.7,0.9,0.88
South East,2020-07-02,forecast,0.8,0.6,1.1,0.8,0.9,0.88
South East,2020-07-03,forecast,0.8,0.6,1.1,0.7,0.9,0.86
South East,2020-07-04,forecast,0.8,0.6,1.1,0.7,0.9,0.86
South East,2020-07-05,forecast,0.8,0.6,1.1,0.7,0.9,0.85
South East,2020-07-06,forecast,0.8,0.6,1.1,0.7,0.9,0.85
South East,2020-07-07,forecast,0.8,0.6,1.1,0.7,0.9,0.85
South East,2020-07-08,forecast,0.8,0.6,1.1,0.7,0.9,0.83
South East,2020-07-09,forecast,0.8,0.6,1.1,0.8,1,0.83
South West,2020-03-02,nowcast,1.6,1.1,2.1,1.4,1.8,0.03
South West,2020-03-03,nowcast,1.6,1.1,2.1,1.3,1.7,0.02
South West,2020-03-04,nowcast,1.6,1.1,2.1,1.4,1.7,0.01
South West,2020-03-05,nowcast,1.6,1.1,2,1.4,1.7,0.01
South West,2020-03-06,nowcast,1.6,1.2,2,1.4,1.7,0.01
South West,2020-03-07,nowcast,1.6,1.2,2,1.4,1.7,0
South West,2020-03-08,nowcast,1.6,1.2,1.9,1.4,1.7,0
South West,2020-03-09,nowcast,1.5,1.2,1.9,1.4,1.7,0
South West,2020-03-10,nowcast,1.5,1.2,1.9,1.4,1.7,0
South West,2020-03-11,nowcast,1.5,1.2,1.8,1.4,1.6,0.01
South West,2020-03-12,nowcast,1.5,1.2,1.8,1.4,1.6,0
South West,2020-03-13,nowcast,1.5,1.2,1.8,1.4,1.6,0
South West,2020-03-14,nowcast,1.5,1.2,1.8,1.4,1.6,0
South West,2020-03-15,nowcast,1.5,1.2,1.8,1.4,1.6,0
South West,2020-03-16,nowcast,1.5,1.2,1.7,1.4,1.6,0
South West,2020-03-17,nowcast,1.5,1.3,1.8,1.4,1.5,0
South West,2020-03-18,nowcast,1.5,1.2,1.7,1.4,1.5,0
South West,2020-03-19,nowcast,1.4,1.2,1.7,1.3,1.5,0
South West,2020-03-20,nowcast,1.4,1.2,1.6,1.3,1.5,0
South West,2020-03-21,nowcast,1.4,1.2,1.6,1.3,1.5,0
South West,2020-03-22,nowcast,1.4,1.2,1.6,1.3,1.4,0
South West,2020-03-23,nowcast,1.3,1.1,1.5,1.3,1.4,0
South West,2020-03-24,nowcast,1.3,1.1,1.5,1.2,1.4,0
South West,2020-03-25,nowcast,1.3,1.1,1.4,1.2,1.3,0.01
South West,2020-03-26,nowcast,1.2,1.1,1.4,1.2,1.3,0.01
South West,2020-03-27,nowcast,1.2,1.1,1.4,1.2,1.3,0.01
South West,2020-03-28,nowcast,1.2,1.1,1.3,1.1,1.3,0.01
South West,2020-03-29,nowcast,1.2,1,1.3,1.1,1.2,0.02
South West,2020-03-30,nowcast,1.2,1,1.3,1.1,1.2,0.03
South West,2020-03-31,nowcast,1.1,1,1.3,1.1,1.2,0.04
South West,2020-04-01,nowcast,1.1,1,1.2,1.1,1.2,0.05
South West,2020-04-02,nowcast,1.1,1,1.2,1.1,1.1,0.06
South West,2020-04-03,nowcast,1.1,1,1.2,1,1.1,0.07
South West,2020-04-04,nowcast,1.1,1,1.2,1.1,1.1,0.09
South West,2020-04-05,nowcast,1.1,1,1.2,1,1.1,0.12
South West,2020-04-06,nowcast,1.1,1,1.2,1,1.1,0.18
South West,2020-04-07,nowcast,1,0.9,1.1,1,1.1,0.22
South West,2020-04-08,nowcast,1,0.9,1.1,1,1.1,0.23
South West,2020-04-09,nowcast,1,1,1.1,1,1.1,0.22
South West,2020-04-10,nowcast,1,1,1.1,1,1.1,0.21
South West,2020-04-11,nowcast,1,0.9,1.1,1,1.1,0.2
South West,2020-04-12,nowcast,1,1,1.1,1,1.1,0.17
South West,2020-04-13,nowcast,1,1,1.1,1,1.1,0.16
South West,2020-04-14,nowcast,1.1,1,1.1,1,1.1,0.15
South West,2020-04-15,nowcast,1,1,1.1,1,1.1,0.15
South West,2020-04-16,nowcast,1.1,1,1.1,1,1.1,0.14
South West,2020-04-17,nowcast,1.1,1,1.1,1,1.1,0.14
South West,2020-04-18,nowcast,1.1,1,1.1,1,1.1,0.14
South West,2020-04-19,nowcast,1,1,1.1,1,1.1,0.18
South West,2020-04-20,nowcast,1,0.9,1.1,1,1.1,0.25
South West,2020-04-21,nowcast,1,0.9,1.1,1,1.1,0.41
South West,2020-04-22,nowcast,1,0.9,1.1,1,1,0.51
South West,2020-04-23,nowcast,1,0.9,1.1,0.9,1,0.65
South West,2020-04-24,nowcast,1,0.9,1,0.9,1,0.79
South West,2020-04-25,nowcast,0.9,0.8,1,0.9,1,0.91
South West,2020-04-26,nowcast,0.9,0.8,1,0.9,1,0.97
South West,2020-04-27,nowcast,0.9,0.8,1,0.9,0.9,0.99
South West,2020-04-28,nowcast,0.9,0.8,0.9,0.8,0.9,1
South West,2020-04-29,nowcast,0.8,0.8,0.9,0.8,0.9,1
South West,2020-04-30,nowcast,0.8,0.7,0.9,0.8,0.9,1
South West,2020-05-01,nowcast,0.8,0.8,0.9,0.8,0.9,0.99
South West,2020-05-02,nowcast,0.8,0.8,0.9,0.8,0.9,0.99
South West,2020-05-03,nowcast,0.8,0.8,1,0.8,0.9,0.99
South West,2020-05-04,nowcast,0.9,0.8,0.9,0.8,0.9,0.98
South West,2020-05-05,nowcast,0.9,0.8,0.9,0.8,0.9,0.98
South West,2020-05-06,nowcast,0.9,0.7,1,0.8,0.9,0.98
South West,2020-05-07,nowcast,0.8,0.8,1,0.8,0.9,0.99
South West,2020-05-08,nowcast,0.8,0.7,0.9,0.8,0.9,0.99
South West,2020-05-09,nowcast,0.8,0.7,0.9,0.8,0.9,0.99
South West,2020-05-10,nowcast,0.8,0.7,0.9,0.8,0.9,1
South West,2020-05-11,nowcast,0.8,0.7,0.9,0.8,0.9,1
South West,2020-05-12,nowcast,0.8,0.7,0.9,0.8,0.9,1
South West,2020-05-13,nowcast,0.8,0.7,0.9,0.8,0.9,0.99
South West,2020-05-14,nowcast,0.8,0.7,0.9,0.8,0.8,0.99
South West,2020-05-15,nowcast,0.8,0.7,0.9,0.8,0.9,0.98
South West,2020-05-16,nowcast,0.8,0.7,0.9,0.8,0.9,0.97
South West,2020-05-17,nowcast,0.8,0.7,1,0.8,0.9,0.97
South West,2020-05-18,nowcast,0.8,0.7,1,0.8,0.9,0.98
South West,2020-05-19,nowcast,0.8,0.7,1,0.8,0.9,0.98
South West,2020-05-20,nowcast,0.8,0.7,1,0.8,0.9,0.97
South West,2020-05-21,nowcast,0.8,0.7,1,0.8,0.9,0.95
South West,2020-05-22,nowcast,0.9,0.7,1,0.8,0.9,0.93
South West,2020-05-23,nowcast,0.9,0.7,1,0.8,0.9,0.93
South West,2020-05-24,nowcast,0.9,0.7,1,0.8,0.9,0.94
South West,2020-05-25,nowcast,0.8,0.7,1,0.8,0.9,0.97
South West,2020-05-26,nowcast,0.8,0.7,1,0.8,0.9,0.98
South West,2020-05-27,nowcast,0.8,0.6,0.9,0.7,0.9,0.99
South West,2020-05-28,nowcast,0.8,0.6,0.9,0.7,0.8,0.99
South West,2020-05-29,nowcast,0.8,0.6,0.9,0.7,0.8,0.99
South West,2020-05-30,nowcast,0.7,0.6,0.9,0.7,0.8,0.99
South West,2020-05-31,nowcast,0.7,0.6,0.9,0.7,0.8,1
South West,2020-06-01,nowcast,0.7,0.5,0.9,0.6,0.8,0.99
South West,2020-06-02,nowcast,0.7,0.5,0.8,0.6,0.8,1
South West,2020-06-03,nowcast,0.7,0.5,0.8,0.6,0.7,1
South West,2020-06-04,nowcast,0.7,0.5,0.8,0.6,0.7,0.99
South West,2020-06-05,nowcast,0.7,0.5,0.9,0.6,0.7,0.99
South West,2020-06-06,nowcast,0.7,0.5,0.9,0.6,0.7,0.98
South West,2020-06-07,nowcast,0.7,0.5,0.9,0.6,0.7,0.97
South West,2020-06-08,nowcast,0.7,0.5,1,0.6,0.8,0.95
South West,2020-06-09,nowcast,0.7,0.5,1,0.6,0.8,0.94
South West,2020-06-10,nowcast,0.7,0.5,1,0.6,0.8,0.92
South West,2020-06-11,nowcast,0.8,0.5,1.1,0.6,0.8,0.89
South West,2020-06-12,nowcast,0.8,0.5,1.1,0.7,0.9,0.87
South West,2020-06-13,nowcast,0.8,0.5,1.1,0.7,0.9,0.85
South West,2020-06-14,nowcast,0.8,0.6,1.1,0.7,0.9,0.81
South West,2020-06-15,nowcast,0.9,0.6,1.2,0.7,0.9,0.78
South West,2020-06-16,nowcast,0.9,0.6,1.2,0.7,0.9,0.77
South West,2020-06-17,nowcast,0.9,0.6,1.2,0.7,1,0.75
South West,2020-06-18,nowcast,0.9,0.6,1.2,0.7,1,0.77
South West,2020-06-19,nowcast,0.9,0.6,1.2,0.7,1,0.74
South West,2020-06-20,nowcast,0.9,0.6,1.2,0.7,1,0.74
South West,2020-06-21,nowcast,0.9,0.6,1.3,0.8,1,0.73
South West,2020-06-22,nowcast,0.9,0.5,1.2,0.8,1,0.71
South West,2020-06-23,nowcast,0.9,0.6,1.3,0.8,1,0.7
South West,2020-06-24,nowcast,0.9,0.6,1.3,0.8,1,0.69
South West,2020-06-25,nowcast,0.9,0.5,1.2,0.8,1,0.69
Wales,2020-03-10,nowcast,1.7,1.3,2,1.5,1.8,0
Wales,2020-03-11,nowcast,1.6,1.3,2,1.5,1.8,0
Wales,2020-03-12,nowcast,1.6,1.3,1.9,1.5,1.7,0
Wales,2020-03-13,nowcast,1.6,1.3,1.9,1.5,1.7,0
Wales,2020-03-14,nowcast,1.6,1.3,1.9,1.4,1.7,0
Wales,2020-03-15,nowcast,1.6,1.3,1.8,1.4,1.6,0
Wales,2020-03-16,nowcast,1.5,1.3,1.8,1.4,1.6,0
Wales,2020-03-17,nowcast,1.5,1.3,1.7,1.4,1.6,0
Wales,2020-03-18,nowcast,1.5,1.3,1.7,1.4,1.6,0
Wales,2020-03-19,nowcast,1.4,1.2,1.7,1.3,1.5,0
Wales,2020-03-20,nowcast,1.4,1.2,1.6,1.3,1.5,0
Wales,2020-03-21,nowcast,1.4,1.2,1.6,1.3,1.5,0
Wales,2020-03-22,nowcast,1.3,1.2,1.5,1.3,1.4,0
Wales,2020-03-23,nowcast,1.3,1.2,1.5,1.2,1.4,0
Wales,2020-03-24,nowcast,1.3,1.1,1.4,1.2,1.3,0
Wales,2020-03-25,nowcast,1.3,1.1,1.4,1.2,1.3,0
Wales,2020-03-26,nowcast,1.2,1.1,1.4,1.2,1.3,0
Wales,2020-03-27,nowcast,1.2,1.1,1.3,1.1,1.2,0.01
Wales,2020-03-28,nowcast,1.2,1,1.3,1.1,1.2,0.01
Wales,2020-03-29,nowcast,1.1,1,1.3,1.1,1.2,0.02
Wales,2020-03-30,nowcast,1.1,1,1.2,1.1,1.2,0.06
Wales,2020-03-31,nowcast,1.1,1,1.2,1,1.1,0.11
Wales,2020-04-01,nowcast,1.1,1,1.2,1,1.1,0.18
Wales,2020-04-02,nowcast,1,0.9,1.1,1,1.1,0.24
Wales,2020-04-03,nowcast,1,0.9,1.1,1,1.1,0.33
Wales,2020-04-04,nowcast,1,0.9,1.1,1,1,0.46
Wales,2020-04-05,nowcast,1,0.9,1.1,1,1,0.63
Wales,2020-04-06,nowcast,1,0.9,1,0.9,1,0.8
Wales,2020-04-07,nowcast,0.9,0.9,1,0.9,1,0.88
Wales,2020-04-08,nowcast,0.9,0.9,1,0.9,1,0.92
Wales,2020-04-09,nowcast,0.9,0.9,1,0.9,1,0.95
Wales,2020-04-10,nowcast,0.9,0.9,1,0.9,1,0.96
Wales,2020-04-11,nowcast,0.9,0.8,1,0.9,1,0.96
Wales,2020-04-12,nowcast,0.9,0.8,1,0.9,0.9,0.98
Wales,2020-04-13,nowcast,0.9,0.8,1,0.9,0.9,0.99
Wales,2020-04-14,nowcast,0.9,0.8,1,0.9,0.9,1
Wales,2020-04-15,nowcast,0.9,0.8,0.9,0.8,0.9,1
Wales,2020-04-16,nowcast,0.8,0.8,0.9,0.8,0.9,1
Wales,2020-04-17,nowcast,0.8,0.7,0.9,0.8,0.9,1
Wales,2020-04-18,nowcast,0.8,0.7,0.9,0.8,0.9,1
Wales,2020-04-19,nowcast,0.8,0.7,0.9,0.8,0.9,1
Wales,2020-04-20,nowcast,0.8,0.7,0.9,0.8,0.9,1
Wales,2020-04-21,nowcast,0.8,0.7,0.9,0.8,0.9,0.99
Wales,2020-04-22,nowcast,0.8,0.7,0.9,0.8,0.9,0.99
Wales,2020-04-23,nowcast,0.9,0.8,1,0.8,0.9,0.98
Wales,2020-04-24,nowcast,0.9,0.8,1,0.8,0.9,0.95
Wales,2020-04-25,nowcast,0.9,0.8,1,0.8,0.9,0.92
Wales,2020-04-26,nowcast,0.9,0.8,1,0.9,0.9,0.91
Wales,2020-04-27,nowcast,0.9,0.8,1,0.9,0.9,0.9
Wales,2020-04-28,nowcast,0.9,0.8,1,0.9,1,0.9
Wales,2020-04-29,nowcast,0.9,0.8,1,0.9,1,0.87
Wales,2020-04-30,nowcast,0.9,0.8,1,0.9,1,0.86
Wales,2020-05-01,nowcast,0.9,0.8,1.1,0.9,1,0.84
Wales,2020-05-02,nowcast,0.9,0.9,1.1,0.9,1,0.81
Wales,2020-05-03,nowcast,1,0.9,1.1,0.9,1,0.78
Wales,2020-05-04,nowcast,1,0.9,1.1,0.9,1,0.74
Wales,2020-05-05,nowcast,1,0.9,1.1,0.9,1,0.73
Wales,2020-05-06,nowcast,1,0.9,1.1,0.9,1,0.7
Wales,2020-05-07,nowcast,1,0.9,1.1,0.9,1,0.64
Wales,2020-05-08,nowcast,1,0.9,1.1,0.9,1,0.61
Wales,2020-05-09,nowcast,1,0.9,1.1,0.9,1,0.64
Wales,2020-05-10,nowcast,1,0.9,1.1,0.9,1,0.65
Wales,2020-05-11,nowcast,1,0.9,1.1,0.9,1,0.72
Wales,2020-05-12,nowcast,1,0.8,1.1,0.9,1,0.76
Wales,2020-05-13,nowcast,0.9,0.8,1,0.9,1,0.85
Wales,2020-05-14,nowcast,0.9,0.8,1,0.9,1,0.92
Wales,2020-05-15,nowcast,0.9,0.8,1,0.9,0.9,0.96
Wales,2020-05-16,nowcast,0.9,0.7,1,0.8,0.9,0.98
Wales,2020-05-17,nowcast,0.8,0.7,0.9,0.8,0.9,0.99
Wales,2020-05-18,nowcast,0.8,0.7,0.9,0.8,0.9,1
Wales,2020-05-19,nowcast,0.8,0.7,0.9,0.8,0.9,1
Wales,2020-05-20,nowcast,0.8,0.7,0.9,0.8,0.8,1
Wales,2020-05-21,nowcast,0.8,0.7,0.9,0.7,0.8,0.99
Wales,2020-05-22,nowcast,0.8,0.7,0.9,0.7,0.8,0.99
Wales,2020-05-23,nowcast,0.8,0.7,0.9,0.7,0.8,0.99
Wales,2020-05-24,nowcast,0.8,0.7,0.9,0.7,0.8,0.98
Wales,2020-05-25,nowcast,0.8,0.7,0.9,0.7,0.8,0.98
Wales,2020-05-26,nowcast,0.8,0.7,0.9,0.7,0.8,0.98
Wales,2020-05-27,nowcast,0.8,0.7,0.9,0.7,0.9,0.97
Wales,2020-05-28,nowcast,0.8,0.7,1,0.7,0.9,0.95
Wales,2020-05-29,nowcast,0.8,0.7,1,0.8,0.9,0.93
Wales,2020-05-30,nowcast,0.9,0.7,1,0.8,0.9,0.91
Wales,2020-05-31,nowcast,0.9,0.7,1.1,0.8,0.9,0.86
Wales,2020-06-01,nowcast,0.9,0.7,1.1,0.8,0.9,0.82
Wales,2020-06-02,nowcast,0.9,0.7,1.1,0.8,1,0.78
Wales,2020-06-03,nowcast,0.9,0.8,1.1,0.9,1,0.72
Wales,2020-06-04,nowcast,1,0.8,1.2,0.9,1,0.62
Wales,2020-06-05,nowcast,1,0.8,1.2,0.9,1,0.55
Wales,2020-06-06,nowcast,1,0.8,1.2,0.9,1,0.5
Wales,2020-06-07,nowcast,1,0.8,1.2,0.9,1.1,0.46
Wales,2020-06-08,nowcast,1,0.8,1.2,0.9,1.1,0.44
Wales,2020-06-09,nowcast,1,0.9,1.2,1,1.1,0.4
Wales,2020-06-10,nowcast,1,0.9,1.2,1,1.1,0.37
Wales,2020-06-11,nowcast,1,0.9,1.2,1,1.1,0.35
Wales,2020-06-12,nowcast,1,0.9,1.2,1,1.1,0.33
Wales,2020-06-13,nowcast,1,0.9,1.2,1,1.1,0.34
Wales,2020-06-14,nowcast,1,0.9,1.2,1,1.1,0.35
Wales,2020-06-15,nowcast,1,0.8,1.2,1,1.1,0.4
Wales,2020-06-16,nowcast,1,0.8,1.2,0.9,1.1,0.48
Wales,2020-06-17,nowcast,1,0.8,1.1,0.9,1.1,0.57
Wales,2020-06-18,nowcast,1,0.8,1.1,0.9,1,0.67
Wales,2020-06-19,nowcast,0.9,0.8,1.1,0.9,1,0.76
Wales,2020-06-20,nowcast,0.9,0.7,1.1,0.8,1,0.88
Wales,2020-06-21,nowcast,0.9,0.7,1,0.8,1,0.92
Wales,2020-06-22,nowcast,0.8,0.6,1,0.8,0.9,0.96
Wales,2020-06-23,nowcast,0.8,0.6,0.9,0.7,0.9,0.98
Wales,2020-06-24,nowcast,0.8,0.6,0.9,0.7,0.8,0.99
Wales,2020-06-25,forecast,0.8,0.5,1,0.7,0.9,0.95
Wales,2020-06-26,forecast,0.8,0.5,1,0.7,0.9,0.93
Wales,2020-06-27,forecast,0.8,0.5,1.1,0.7,0.9,0.91
Wales,2020-06-28,forecast,0.8,0.4,1.1,0.7,0.9,0.9
Wales,2020-06-29,forecast,0.8,0.4,1.1,0.6,0.9,0.88
Wales,2020-06-30,forecast,0.8,0.4,1.1,0.6,0.9,0.87
Wales,2020-07-01,forecast,0.8,0.4,1.1,0.6,0.9,0.86
Wales,2020-07-02,forecast,0.8,0.3,1.1,0.6,0.9,0.85
Wales,2020-07-03,forecast,0.8,0.3,1.2,0.6,0.9,0.84
Wales,2020-07-04,forecast,0.8,0.3,1.2,0.6,1,0.83
Wales,2020-07-05,forecast,0.8,0.3,1.2,0.6,1,0.82
Wales,2020-07-06,forecast,0.8,0.2,1.2,0.6,1,0.83
Wales,2020-07-07,forecast,0.8,0.2,1.2,0.6,1,0.82
Wales,2020-07-08,forecast,0.7,0.2,1.2,0.5,0.9,0.81
Wales,2020-07-09,forecast,0.7,0.2,1.3,0.6,1,0.81
West Midlands,2020-03-05,nowcast,1.8,1.4,2.3,1.6,1.9,0
West Midlands,2020-03-06,nowcast,1.8,1.4,2.2,1.6,1.9,0
West Midlands,2020-03-07,nowcast,1.7,1.4,2.1,1.6,1.9,0
West Midlands,2020-03-08,nowcast,1.7,1.4,2.1,1.6,1.8,0
West Midlands,2020-03-09,nowcast,1.7,1.4,2,1.5,1.8,0
West Midlands,2020-03-10,nowcast,1.6,1.4,2,1.5,1.7,0
West Midlands,2020-03-11,nowcast,1.6,1.3,1.9,1.5,1.7,0
West Midlands,2020-03-12,nowcast,1.6,1.3,1.9,1.5,1.7,0
West Midlands,2020-03-13,nowcast,1.6,1.3,1.8,1.4,1.6,0
West Midlands,2020-03-14,nowcast,1.5,1.3,1.8,1.4,1.6,0
West Midlands,2020-03-15,nowcast,1.5,1.3,1.7,1.4,1.6,0
West Midlands,2020-03-16,nowcast,1.5,1.2,1.7,1.4,1.5,0
West Midlands,2020-03-17,nowcast,1.4,1.2,1.6,1.3,1.5,0
West Midlands,2020-03-18,nowcast,1.4,1.2,1.6,1.3,1.5,0
West Midlands,2020-03-19,nowcast,1.4,1.2,1.5,1.3,1.4,0
West Midlands,2020-03-20,nowcast,1.3,1.2,1.5,1.3,1.4,0
West Midlands,2020-03-21,nowcast,1.3,1.1,1.5,1.2,1.4,0
West Midlands,2020-03-22,nowcast,1.3,1.1,1.4,1.2,1.3,0
West Midlands,2020-03-23,nowcast,1.2,1.1,1.4,1.2,1.3,0
West Midlands,2020-03-24,nowcast,1.2,1.1,1.3,1.1,1.2,0
West Midlands,2020-03-25,nowcast,1.2,1,1.3,1.1,1.2,0.01
West Midlands,2020-03-26,nowcast,1.1,1,1.2,1.1,1.2,0.03
West Midlands,2020-03-27,nowcast,1.1,1,1.2,1,1.1,0.06
West Midlands,2020-03-28,nowcast,1.1,1,1.2,1,1.1,0.13
West Midlands,2020-03-29,nowcast,1,0.9,1.1,1,1.1,0.26
West Midlands,2020-03-30,nowcast,1,0.9,1.1,1,1.1,0.36
West Midlands,2020-03-31,nowcast,1,0.9,1.1,1,1,0.47
West Midlands,2020-04-01,nowcast,1,0.9,1.1,1,1,0.52
West Midlands,2020-04-02,nowcast,1,0.9,1.1,1,1,0.53
West Midlands,2020-04-03,nowcast,1,0.9,1.1,1,1,0.52
West Midlands,2020-04-04,nowcast,1,0.9,1.1,1,1,0.47
West Midlands,2020-04-05,nowcast,1,0.9,1.1,1,1,0.4
West Midlands,2020-04-06,nowcast,1,0.9,1.1,1,1,0.31
West Midlands,2020-04-07,nowcast,1,1,1.1,1,1,0.22
West Midlands,2020-04-08,nowcast,1,1,1.1,1,1.1,0.11
West Midlands,2020-04-09,nowcast,1.1,1,1.1,1,1.1,0.04
West Midlands,2020-04-10,nowcast,1.1,1,1.2,1,1.1,0.01
West Midlands,2020-04-11,nowcast,1.1,1,1.2,1.1,1.1,0.01
West Midlands,2020-04-12,nowcast,1.1,1,1.2,1.1,1.1,0.02
West Midlands,2020-04-13,nowcast,1.1,1,1.2,1.1,1.1,0.03
West Midlands,2020-04-14,nowcast,1.1,1,1.1,1,1.1,0.07
West Midlands,2020-04-15,nowcast,1.1,1,1.1,1,1.1,0.15
West Midlands,2020-04-16,nowcast,1,1,1.1,1,1.1,0.24
West Midlands,2020-04-17,nowcast,1,0.9,1.1,1,1,0.42
West Midlands,2020-04-18,nowcast,1,0.9,1.1,1,1,0.56
West Midlands,2020-04-19,nowcast,1,0.9,1,0.9,1,0.73
West Midlands,2020-04-20,nowcast,1,0.9,1,0.9,1,0.88
West Midlands,2020-04-21,nowcast,0.9,0.9,1,0.9,1,0.95
West Midlands,2020-04-22,nowcast,0.9,0.8,1,0.9,0.9,0.99
West Midlands,2020-04-23,nowcast,0.9,0.8,1,0.9,0.9,0.99
West Midlands,2020-04-24,nowcast,0.9,0.8,1,0.9,0.9,0.99
West Midlands,2020-04-25,nowcast,0.9,0.8,1,0.9,0.9,0.99
West Midlands,2020-04-26,nowcast,0.9,0.8,1,0.9,0.9,0.99
West Midlands,2020-04-27,nowcast,0.9,0.8,1,0.9,0.9,0.99
West Midlands,2020-04-28,nowcast,0.9,0.8,0.9,0.9,0.9,1
West Midlands,2020-04-29,nowcast,0.9,0.8,0.9,0.8,0.9,1
West Midlands,2020-04-30,nowcast,0.9,0.8,0.9,0.8,0.9,1
West Midlands,2020-05-01,nowcast,0.9,0.8,0.9,0.8,0.9,1
West Midlands,2020-05-02,nowcast,0.9,0.8,0.9,0.8,0.9,0.99
West Midlands,2020-05-03,nowcast,0.9,0.8,0.9,0.8,0.9,0.99
West Midlands,2020-05-04,nowcast,0.9,0.8,0.9,0.8,0.9,0.99
West Midlands,2020-05-05,nowcast,0.9,0.8,1,0.8,0.9,0.99
West Midlands,2020-05-06,nowcast,0.9,0.8,1,0.8,0.9,0.99
West Midlands,2020-05-07,nowcast,0.9,0.8,1,0.9,0.9,0.98
West Midlands,2020-05-08,nowcast,0.9,0.8,1,0.9,0.9,0.97
West Midlands,2020-05-09,nowcast,0.9,0.8,1,0.9,0.9,0.97
West Midlands,2020-05-10,nowcast,0.9,0.8,1,0.9,0.9,0.98
West Midlands,2020-05-11,nowcast,0.9,0.8,1,0.9,0.9,0.97
West Midlands,2020-05-12,nowcast,0.9,0.8,1,0.9,0.9,0.98
West Midlands,2020-05-13,nowcast,0.9,0.8,1,0.9,0.9,0.99
West Midlands,2020-05-14,nowcast,0.9,0.8,1,0.9,0.9,0.98
West Midlands,2020-05-15,nowcast,0.9,0.8,1,0.8,0.9,0.98
West Midlands,2020-05-16,nowcast,0.9,0.8,1,0.8,0.9,0.99
West Midlands,2020-05-17,nowcast,0.9,0.8,1,0.8,0.9,0.99
West Midlands,2020-05-18,nowcast,0.9,0.8,0.9,0.8,0.9,0.99
West Midlands,2020-05-19,nowcast,0.8,0.8,0.9,0.8,0.9,1
West Midlands,2020-05-20,nowcast,0.8,0.7,0.9,0.8,0.9,1
West Midlands,2020-05-21,nowcast,0.8,0.7,0.9,0.8,0.9,0.99
West Midlands,2020-05-22,nowcast,0.8,0.7,0.9,0.8,0.9,0.99
West Midlands,2020-05-23,nowcast,0.8,0.7,0.9,0.8,0.9,0.98
West Midlands,2020-05-24,nowcast,0.8,0.7,0.9,0.8,0.9,0.98
West Midlands,2020-05-25,nowcast,0.8,0.7,1,0.8,0.9,0.98
West Midlands,2020-05-26,nowcast,0.8,0.7,0.9,0.8,0.9,0.98
West Midlands,2020-05-27,nowcast,0.8,0.7,1,0.8,0.9,0.98
West Midlands,2020-05-28,nowcast,0.9,0.7,1,0.8,0.9,0.98
West Midlands,2020-05-29,nowcast,0.9,0.7,1,0.8,0.9,0.97
West Midlands,2020-05-30,nowcast,0.9,0.8,1,0.8,0.9,0.96
West Midlands,2020-05-31,nowcast,0.9,0.7,1,0.8,0.9,0.96
West Midlands,2020-06-01,nowcast,0.9,0.8,1,0.8,0.9,0.96
West Midlands,2020-06-02,nowcast,0.9,0.8,1,0.8,0.9,0.95
West Midlands,2020-06-03,nowcast,0.9,0.7,1,0.8,0.9,0.95
West Midlands,2020-06-04,nowcast,0.9,0.8,1,0.8,0.9,0.94
West Midlands,2020-06-05,nowcast,0.9,0.8,1,0.8,0.9,0.91
West Midlands,2020-06-06,nowcast,0.9,0.8,1,0.8,0.9,0.9
West Midlands,2020-06-07,nowcast,0.9,0.8,1,0.8,0.9,0.91
West Midlands,2020-06-08,nowcast,0.9,0.8,1,0.8,0.9,0.91
West Midlands,2020-06-09,nowcast,0.9,0.8,1,0.8,0.9,0.93
West Midlands,2020-06-10,nowcast,0.9,0.7,1,0.8,0.9,0.94
West Midlands,2020-06-11,nowcast,0.9,0.7,1,0.8,0.9,0.94
West Midlands,2020-06-12,nowcast,0.9,0.7,1,0.8,0.9,0.95
West Midlands,2020-06-13,nowcast,0.8,0.7,1,0.8,0.9,0.97
West Midlands,2020-06-14,nowcast,0.8,0.7,1,0.8,0.9,0.97
West Midlands,2020-06-15,nowcast,0.8,0.7,1,0.8,0.9,0.98
West Midlands,2020-06-16,nowcast,0.8,0.7,1,0.8,0.9,0.97
West Midlands,2020-06-17,nowcast,0.8,0.7,1,0.8,0.9,0.97
West Midlands,2020-06-18,nowcast,0.8,0.7,1,0.8,0.9,0.95
West Midlands,2020-06-19,nowcast,0.9,0.7,1,0.8,0.9,0.92
West Midlands,2020-06-20,nowcast,0.9,0.7,1,0.8,0.9,0.9
West Midlands,2020-06-21,nowcast,0.9,0.7,1.1,0.8,0.9,0.88
West Midlands,2020-06-22,nowcast,0.9,0.7,1.1,0.8,0.9,0.88
West Midlands,2020-06-23,nowcast,0.9,0.7,1,0.8,0.9,0.89
West Midlands,2020-06-24,nowcast,0.9,0.7,1.1,0.8,0.9,0.89
West Midlands,2020-06-25,nowcast,0.9,0.7,1,0.8,0.9,0.89
West Midlands,2020-06-26,forecast,0.9,0.7,1.1,0.8,0.9,0.87
West Midlands,2020-06-27,forecast,0.9,0.7,1.1,0.8,0.9,0.85
West Midlands,2020-06-28,forecast,0.9,0.7,1.1,0.8,1,0.85
West Midlands,2020-06-29,forecast,0.9,0.6,1.1,0.8,1,0.84
West Midlands,2020-06-30,forecast,0.9,0.6,1.1,0.8,1,0.83
West Midlands,2020-07-01,forecast,0.9,0.6,1.1,0.8,1,0.82
West Midlands,2020-07-02,forecast,0.9,0.6,1.1,0.8,0.9,0.82
West Midlands,2020-07-03,forecast,0.9,0.6,1.1,0.8,1,0.81
West Midlands,2020-07-04,forecast,0.9,0.6,1.1,0.8,1,0.81
West Midlands,2020-07-05,forecast,0.9,0.6,1.2,0.8,1,0.8
West Midlands,2020-07-06,forecast,0.9,0.6,1.2,0.8,1,0.79
West Midlands,2020-07-07,forecast,0.9,0.6,1.2,0.8,1,0.79
West Midlands,2020-07-08,forecast,0.9,0.6,1.2,0.8,1,0.78
West Midlands,2020-07-09,forecast,0.9,0.5,1.2,0.8,1,0.78
Yorkshire and The Humber,2020-03-07,nowcast,1.7,1.3,2.2,1.5,1.9,0
Yorkshire and The Humber,2020-03-08,nowcast,1.7,1.3,2.2,1.6,1.9,0
Yorkshire and The Humber,2020-03-09,nowcast,1.7,1.3,2.1,1.5,1.8,0
Yorkshire and The Humber,2020-03-10,nowcast,1.7,1.4,2.1,1.5,1.8,0
Yorkshire and The Humber,2020-03-11,nowcast,1.7,1.4,2.1,1.5,1.8,0
Yorkshire and The Humber,2020-03-12,nowcast,1.7,1.3,2,1.5,1.8,0
Yorkshire and The Humber,2020-03-13,nowcast,1.6,1.4,2,1.5,1.8,0
Yorkshire and The Humber,2020-03-14,nowcast,1.6,1.4,2,1.5,1.7,0
Yorkshire and The Humber,2020-03-15,nowcast,1.6,1.3,1.9,1.5,1.7,0
Yorkshire and The Humber,2020-03-16,nowcast,1.6,1.3,1.8,1.4,1.6,0
Yorkshire and The Humber,2020-03-17,nowcast,1.5,1.3,1.8,1.4,1.6,0
Yorkshire and The Humber,2020-03-18,nowcast,1.5,1.3,1.7,1.4,1.6,0
Yorkshire and The Humber,2020-03-19,nowcast,1.4,1.2,1.7,1.4,1.5,0
Yorkshire and The Humber,2020-03-20,nowcast,1.4,1.2,1.6,1.3,1.5,0
Yorkshire and The Humber,2020-03-21,nowcast,1.4,1.2,1.6,1.3,1.4,0
Yorkshire and The Humber,2020-03-22,nowcast,1.3,1.2,1.5,1.2,1.4,0
Yorkshire and The Humber,2020-03-23,nowcast,1.3,1.1,1.5,1.2,1.4,0
Yorkshire and The Humber,2020-03-24,nowcast,1.3,1.1,1.4,1.2,1.3,0
Yorkshire and The Humber,2020-03-25,nowcast,1.2,1.1,1.4,1.2,1.3,0
Yorkshire and The Humber,2020-03-26,nowcast,1.2,1.1,1.3,1.1,1.3,0
Yorkshire and The Humber,2020-03-27,nowcast,1.2,1.1,1.3,1.1,1.2,0.01
Yorkshire and The Humber,2020-03-28,nowcast,1.2,1,1.3,1.1,1.2,0.02
Yorkshire and The Humber,2020-03-29,nowcast,1.1,1,1.2,1.1,1.2,0.03
Yorkshire and The Humber,2020-03-30,nowcast,1.1,1,1.2,1.1,1.1,0.04
Yorkshire and The Humber,2020-03-31,nowcast,1.1,1,1.2,1.1,1.1,0.05
Yorkshire and The Humber,2020-04-01,nowcast,1.1,1,1.2,1.1,1.1,0.04
Yorkshire and The Humber,2020-04-02,nowcast,1.1,1,1.2,1.1,1.1,0.02
Yorkshire and The Humber,2020-04-03,nowcast,1.1,1,1.2,1.1,1.1,0.02
Yorkshire and The Humber,2020-04-04,nowcast,1.1,1,1.2,1.1,1.1,0.02
Yorkshire and The Humber,2020-04-05,nowcast,1.1,1,1.2,1.1,1.1,0.02
Yorkshire and The Humber,2020-04-06,nowcast,1.1,1,1.2,1.1,1.1,0.02
Yorkshire and The Humber,2020-04-07,nowcast,1.1,1,1.2,1.1,1.1,0.02
Yorkshire and The Humber,2020-04-08,nowcast,1.1,1,1.2,1.1,1.1,0.01
Yorkshire and The Humber,2020-04-09,nowcast,1.1,1,1.2,1.1,1.1,0.01
Yorkshire and The Humber,2020-04-10,nowcast,1.1,1,1.2,1.1,1.2,0.01
Yorkshire and The Humber,2020-04-11,nowcast,1.1,1,1.2,1.1,1.1,0.01
Yorkshire and The Humber,2020-04-12,nowcast,1.1,1,1.2,1.1,1.1,0
Yorkshire and The Humber,2020-04-13,nowcast,1.1,1,1.2,1.1,1.1,0.01
Yorkshire and The Humber,2020-04-14,nowcast,1.1,1,1.2,1.1,1.1,0.01
Yorkshire and The Humber,2020-04-15,nowcast,1.1,1,1.2,1.1,1.1,0.01
Yorkshire and The Humber,2020-04-16,nowcast,1.1,1,1.2,1.1,1.1,0.02
Yorkshire and The Humber,2020-04-17,nowcast,1.1,1,1.2,1.1,1.1,0.02
Yorkshire and The Humber,2020-04-18,nowcast,1.1,1,1.2,1.1,1.1,0.03
Yorkshire and The Humber,2020-04-19,nowcast,1.1,1,1.1,1,1.1,0.05
Yorkshire and The Humber,2020-04-20,nowcast,1.1,1,1.1,1,1.1,0.09
Yorkshire and The Humber,2020-04-21,nowcast,1,1,1.1,1,1.1,0.16
Yorkshire and The Humber,2020-04-22,nowcast,1,1,1.1,1,1.1,0.25
Yorkshire and The Humber,2020-04-23,nowcast,1,0.9,1.1,1,1,0.4
Yorkshire and The Humber,2020-04-24,nowcast,1,0.9,1.1,1,1,0.53
Yorkshire and The Humber,2020-04-25,nowcast,1,0.9,1.1,0.9,1,0.71
Yorkshire and The Humber,2020-04-26,nowcast,1,0.9,1,0.9,1,0.87
Yorkshire and The Humber,2020-04-27,nowcast,0.9,0.9,1,0.9,1,0.96
Yorkshire and The Humber,2020-04-28,nowcast,0.9,0.8,1,0.9,0.9,0.99
Yorkshire and The Humber,2020-04-29,nowcast,0.9,0.8,1,0.9,0.9,1
Yorkshire and The Humber,2020-04-30,nowcast,0.9,0.8,0.9,0.9,0.9,1
Yorkshire and The Humber,2020-05-01,nowcast,0.9,0.8,0.9,0.9,0.9,1
Yorkshire and The Humber,2020-05-02,nowcast,0.9,0.8,0.9,0.9,0.9,0.99
Yorkshire and The Humber,2020-05-03,nowcast,0.9,0.8,1,0.9,0.9,0.99
Yorkshire and The Humber,2020-05-04,nowcast,0.9,0.8,1,0.9,0.9,0.99
Yorkshire and The Humber,2020-05-05,nowcast,0.9,0.8,1,0.9,0.9,0.98
Yorkshire and The Humber,2020-05-06,nowcast,0.9,0.8,1,0.9,0.9,0.98
Yorkshire and The Humber,2020-05-07,nowcast,0.9,0.8,1,0.9,0.9,0.97
Yorkshire and The Humber,2020-05-08,nowcast,0.9,0.8,1,0.9,0.9,0.97
Yorkshire and The Humber,2020-05-09,nowcast,0.9,0.8,1,0.9,0.9,0.96
Yorkshire and The Humber,2020-05-10,nowcast,0.9,0.8,1,0.9,0.9,0.98
Yorkshire and The Humber,2020-05-11,nowcast,0.9,0.8,1,0.9,0.9,0.98
Yorkshire and The Humber,2020-05-12,nowcast,0.9,0.8,1,0.9,0.9,0.98
Yorkshire and The Humber,2020-05-13,nowcast,0.9,0.8,1,0.9,0.9,0.98
Yorkshire and The Humber,2020-05-14,nowcast,0.9,0.8,1,0.9,0.9,0.98
Yorkshire and The Humber,2020-05-15,nowcast,0.9,0.8,1,0.9,0.9,0.98
Yorkshire and The Humber,2020-05-16,nowcast,0.9,0.8,1,0.9,0.9,0.97
Yorkshire and The Humber,2020-05-17,nowcast,0.9,0.8,1,0.9,0.9,0.98
Yorkshire and The Humber,2020-05-18,nowcast,0.9,0.8,1,0.9,0.9,0.99
Yorkshire and The Humber,2020-05-19,nowcast,0.9,0.8,1,0.9,0.9,0.99
Yorkshire and The Humber,2020-05-20,nowcast,0.9,0.8,1,0.8,0.9,0.99
Yorkshire and The Humber,2020-05-21,nowcast,0.9,0.8,1,0.8,0.9,0.99
Yorkshire and The Humber,2020-05-22,nowcast,0.9,0.8,1,0.8,0.9,0.98
Yorkshire and The Humber,2020-05-23,nowcast,0.9,0.8,1,0.8,0.9,0.98
Yorkshire and The Humber,2020-05-24,nowcast,0.9,0.8,1,0.8,0.9,0.98
Yorkshire and The Humber,2020-05-25,nowcast,0.9,0.8,1,0.9,0.9,0.97
Yorkshire and The Humber,2020-05-26,nowcast,0.9,0.8,1,0.9,0.9,0.98
Yorkshire and The Humber,2020-05-27,nowcast,0.9,0.8,1,0.9,0.9,0.95
Yorkshire and The Humber,2020-05-28,nowcast,0.9,0.8,1,0.9,0.9,0.92
Yorkshire and The Humber,2020-05-29,nowcast,0.9,0.8,1,0.9,1,0.9
Yorkshire and The Humber,2020-05-30,nowcast,0.9,0.8,1,0.9,1,0.84
Yorkshire and The Humber,2020-05-31,nowcast,0.9,0.8,1.1,0.9,1,0.8
Yorkshire and The Humber,2020-06-01,nowcast,1,0.9,1.1,0.9,1,0.74
Yorkshire and The Humber,2020-06-02,nowcast,1,0.9,1.1,0.9,1,0.66
Yorkshire and The Humber,2020-06-03,nowcast,1,0.9,1.1,1,1,0.54
Yorkshire and The Humber,2020-06-04,nowcast,1,0.9,1.1,1,1,0.47
Yorkshire and The Humber,2020-06-05,nowcast,1,0.9,1.1,1,1,0.37
Yorkshire and The Humber,2020-06-06,nowcast,1,0.9,1.1,1,1.1,0.33
Yorkshire and The Humber,2020-06-07,nowcast,1,0.9,1.1,1,1.1,0.36
Yorkshire and The Humber,2020-06-08,nowcast,1,0.9,1.1,1,1,0.41
Yorkshire and The Humber,2020-06-09,nowcast,1,0.9,1.1,1,1,0.47
Yorkshire and The Humber,2020-06-10,nowcast,1,0.9,1.1,1,1,0.58
Yorkshire and The Humber,2020-06-11,nowcast,1,0.9,1.1,0.9,1,0.69
Yorkshire and The Humber,2020-06-12,nowcast,1,0.9,1.1,0.9,1,0.76
Yorkshire and The Humber,2020-06-13,nowcast,0.9,0.8,1,0.9,1,0.85
Yorkshire and The Humber,2020-06-14,nowcast,0.9,0.8,1,0.9,1,0.92
Yorkshire and The Humber,2020-06-15,nowcast,0.9,0.8,1,0.9,0.9,0.97
Yorkshire and The Humber,2020-06-16,nowcast,0.9,0.8,1,0.9,0.9,0.99
Yorkshire and The Humber,2020-06-17,nowcast,0.9,0.8,1,0.8,0.9,0.99
Yorkshire and The Humber,2020-06-18,nowcast,0.9,0.8,1,0.8,0.9,0.99
Yorkshire and The Humber,2020-06-19,nowcast,0.9,0.8,0.9,0.8,0.9,0.99
Yorkshire and The Humber,2020-06-20,nowcast,0.9,0.7,0.9,0.8,0.9,0.99
Yorkshire and The Humber,2020-06-21,nowcast,0.8,0.7,0.9,0.8,0.9,0.99
Yorkshire and The Humber,2020-06-22,nowcast,0.8,0.7,0.9,0.8,0.9,0.99
Yorkshire and The Humber,2020-06-23,nowcast,0.8,0.7,0.9,0.8,0.9,0.99
Yorkshire and The Humber,2020-06-24,nowcast,0.8,0.7,0.9,0.8,0.9,0.99
Yorkshire and The Humber,2020-06-25,nowcast,0.8,0.6,0.9,0.7,0.8,1
Yorkshire and The Humber,2020-06-26,forecast,0.8,0.6,0.9,0.7,0.8,0.99
Yorkshire and The Humber,2020-06-27,forecast,0.8,0.6,0.9,0.7,0.8,0.99
Yorkshire and The Humber,2020-06-28,forecast,0.8,0.6,0.9,0.7,0.8,0.99
Yorkshire and The Humber,2020-06-29,forecast,0.8,0.6,1,0.7,0.9,0.98
Yorkshire and The Humber,2020-06-30,forecast,0.8,0.6,1,0.7,0.9,0.97
Yorkshire and The Humber,2020-07-01,forecast,0.8,0.6,1,0.7,0.9,0.96
Yorkshire and The Humber,2020-07-02,forecast,0.8,0.5,1,0.7,0.9,0.96
Yorkshire and The Humber,2020-07-03,forecast,0.8,0.5,1,0.7,0.8,0.96
Yorkshire and The Humber,2020-07-04,forecast,0.8,0.5,1,0.6,0.8,0.95
Yorkshire and The Humber,2020-07-05,forecast,0.7,0.5,1,0.6,0.8,0.95
Yorkshire and The Humber,2020-07-06,forecast,0.7,0.5,1,0.6,0.8,0.94
Yorkshire and The Humber,2020-07-07,forecast,0.7,0.5,1,0.7,0.9,0.94
Yorkshire and The Humber,2020-07-08,forecast,0.7,0.5,1,0.6,0.9,0.94
Yorkshire and The Humber,2020-07-09,forecast,0.7,0.4,1,0.6,0.9,0.93
